OBSID,CHAPNUM,inaudible_pct
1142,3,0.08333333333333333
1142,5,0.043478260869565216
33,1,0.0
33,7,0.1
128,1,0.047619047619047616
128,4,0.047619047619047616
30,3,0.07142857142857142
30,7,0.07692307692307693
130,1,0.0
130,5,0.0
130,6,0.0
585,6,0.0625
585,7,0.058823529411764705
4599,1,0.0
4599,2,0.0
4599,3,0.0
4599,4,0.0
4599,6,0.07142857142857142
4599,7,0.07692307692307693
4678,8,0.0
4678,9,0.0
2458,1,0.0
2458,2,0.06666666666666667
2458,3,0.0
2458,4,0.0625
2458,6,0.0
2458,7,0.0
2458,8,0.0
2458,10,0.0
2756,1,0.0
2756,2,0.05263157894736842
2756,4,0.0
4083,7,0.0
4240,1,0.0
4240,3,0.0
4240,5,0.06666666666666667
78,5,0.07692307692307693
78,7,0.0
574,3,0.05405405405405406
2393,4,0.06896551724137931
2393,5,0.07692307692307693
2393,7,0.08
2393,8,0.06666666666666667
2393,10,0.07407407407407407
2571,1,0.034482758620689655
2571,6,0.06896551724137931
2571,7,0.0625
2816,2,0.0
2816,4,0.0
2816,5,0.0
2816,6,0.0
2816,7,0.0
28,1,0.07692307692307693
28,2,0.0
28,3,0.04
28,5,0.0
28,6,0.07692307692307693
2376,3,0.0625
2376,5,0.0
2376,6,0.0625
2376,7,0.05263157894736842
2590,1,0.0
2590,3,0.0
2590,4,0.0
2590,6,0.0
2590,7,0.0
2773,1,0.0625
2773,3,0.0
2773,5,0.07142857142857142
2773,7,0.0
4597,4,0.04
4597,5,0.07407407407407407
4597,6,0.037037037037037035
24,1,0.058823529411764705
24,2,0.05714285714285714
24,3,0.058823529411764705
24,5,0.08571428571428572
24,7,0.06060606060606061
89,1,0.0
89,5,0.0
89,6,0.06666666666666667
89,7,0.0
446,6,0.058823529411764705
57,1,0.0625
57,3,0.06666666666666667
790,1,0.1
790,2,0.05263157894736842
790,3,0.05
790,4,0.05555555555555555
790,6,0.05555555555555555
2197,1,0.0
2197,3,0.058823529411764705
2197,4,0.0625
2197,5,0.0
2197,7,0.0
2197,8,0.0
2460,2,0.027777777777777776
2930,1,0.09090909090909091
3021,1,0.0
3021,2,0.0
3021,3,0.037037037037037035
3021,4,0.0
3021,7,0.0
4241,1,0.05555555555555555
4241,2,0.05555555555555555
4241,3,0.05555555555555555
4241,4,0.05263157894736842
4241,5,0.0
4241,6,0.05555555555555555
4241,7,0.05555555555555555
4241,8,0.05555555555555555
4636,1,0.0
4636,4,0.08695652173913043
49,6,0.0
558,1,0.04
558,2,0.04
558,3,0.038461538461538464
558,6,0.04
2386,1,0.0
2386,2,0.0
2386,3,0.05555555555555555
2386,4,0.0
2386,5,0.05555555555555555
2800,5,0.08333333333333333
38,9,0.03571428571428571
533,1,0.07142857142857142
533,3,0.0
533,4,0.07142857142857142
533,5,0.09090909090909091
533,7,0.0625
5,1,0.05555555555555555
5,2,0.05405405405405406
5,3,0.0
5,4,0.02702702702702703
451,2,0.08333333333333333
451,8,0.0
787,5,0.09090909090909091
787,7,0.045454545454545456
2203,1,0.034482758620689655
2203,2,0.03333333333333333
2203,5,0.037037037037037035
2203,6,0.07142857142857142
2532,5,0.08333333333333333
2776,3,0.0
2776,4,0.0
26,1,0.0
26,5,0.043478260869565216
26,6,0.08695652173913043
26,7,0.08333333333333333
447,3,0.0
447,5,0.0
25,1,0.05405405405405406
25,4,0.05714285714285714
25,7,0.08333333333333333
434,1,0.0
434,2,0.08695652173913043
572,1,0.0
572,2,0.06666666666666667
572,3,0.06666666666666667
572,8,0.0
572,9,0.0
2255,2,0.08333333333333333
2255,3,0.05263157894736842
2255,4,0.05
2255,5,0.08823529411764706
2255,11,0.08108108108108109
2466,1,0.0
2466,2,0.06060606060606061
2466,3,0.0
2466,4,0.034482758620689655
2466,5,0.03125
2466,6,0.06666666666666667
2466,7,0.06666666666666667
2466,8,0.1
2466,12,0.0
2832,1,0.0
2832,2,0.058823529411764705
2832,4,0.07692307692307693
2832,6,0.0
2832,9,0.0
2832,10,0.07692307692307693
131,1,0.07692307692307693
131,2,0.0
131,4,0.0
131,6,0.07692307692307693
131,7,0.0
81,3,0.09090909090909091
225,1,0.09090909090909091
225,2,0.08695652173913043
225,4,0.08695652173913043
225,7,0.08695652173913043
225,8,0.09090909090909091
75,5,0.0625
1147,1,0.07407407407407407
70,1,0.07692307692307693
70,2,0.08333333333333333
70,3,0.07692307692307693
70,4,0.07692307692307693
70,6,0.07692307692307693
70,7,0.0
70,8,0.0
466,1,0.0
466,2,0.0
466,3,0.0
466,4,0.0
466,5,0.0
466,6,0.0
466,7,0.0
754,1,0.05714285714285714
754,5,0.1
505,10,0.0
138,3,0.0
138,6,0.0
2202,1,0.06666666666666667
2202,4,0.0
2534,2,0.0
2534,3,0.043478260869565216
2534,4,0.08333333333333333
100,1,0.0
100,2,0.0
100,3,0.0
100,4,0.0
100,5,0.0
100,6,0.0
100,7,0.0
8,1,0.06060606060606061
8,2,0.030303030303030304
8,7,0.058823529411764705
139,1,0.0
139,3,0.0
139,5,0.0
4092,1,0.047619047619047616
4092,3,0.047619047619047616
4092,4,0.09523809523809523
4092,6,0.047619047619047616
4092,8,0.0
4092,2,0.09090909090909091
4598,2,0.1
4598,3,0.1
4598,5,0.1
15,1,0.03125
15,4,0.07407407407407407
15,8,0.03571428571428571
536,1,0.07692307692307693
536,2,0.0
536,3,0.045454545454545456
2204,1,0.0
2204,4,0.0
2204,8,0.05555555555555555
2204,9,0.058823529411764705
2204,10,0.05555555555555555
2467,3,0.07692307692307693
2467,5,0.037037037037037035
2467,6,0.07142857142857142
2684,1,0.03225806451612903
2684,4,0.034482758620689655
2684,5,0.07407407407407407
2684,6,0.0
2684,9,0.07142857142857142
3,1,0.06666666666666667
3,5,0.0
3,8,0.07142857142857142
141,1,0.0
141,3,0.045454545454545456
141,6,0.09523809523809523
2198,1,0.09090909090909091
2198,2,0.09090909090909091
2198,3,0.0
2198,7,0.0
2531,2,0.07142857142857142
2775,6,0.0
32,1,0.07692307692307693
32,2,0.07142857142857142
32,3,0.07692307692307693
32,6,0.07692307692307693
32,7,0.0
32,8,0.07142857142857142
124,2,0.08333333333333333
124,4,0.08333333333333333
124,5,0.09090909090909091
124,6,0.08333333333333333
2199,3,0.0
2199,4,0.058823529411764705
2199,6,0.05555555555555555
2533,5,0.06666666666666667
2778,1,0.07407407407407407
2778,2,0.037037037037037035
229,1,0.08333333333333333
229,2,0.08333333333333333
229,3,0.09090909090909091
229,4,0.0
229,5,0.08333333333333333
229,7,0.08333333333333333
534,2,0.0
1085,1,0.037037037037037035
109,6,0.0
109,7,0.0
109,8,0.058823529411764705
335,1,0.0
2300,6,0.0625
2300,7,0.0
2854,3,0.0
2854,4,0.09090909090909091
2854,5,0.0
72,2,0.0
72,3,0.0
72,7,0.0
72,8,0.0
72,9,0.1
72,10,0.0
72,11,0.0
435,1,0.029411764705882353
435,3,0.02564102564102564
435,5,0.0975609756097561
435,6,0.08108108108108109
435,7,0.1
751,1,0.0
751,2,0.0
751,3,0.0
751,4,0.0
751,5,0.0
751,6,0.0
751,7,0.0
751,8,0.0
751,9,0.0
751,10,0.0
751,11,0.0
751,12,0.0
2389,1,0.06666666666666667
2389,2,0.03571428571428571
2389,3,0.06666666666666667
2389,6,0.07692307692307693
2389,8,0.07692307692307693
2389,9,0.03571428571428571
2389,10,0.038461538461538464
2562,1,0.0
2562,2,0.0
2562,3,0.0
2562,4,0.0
2562,5,0.0
2562,6,0.0
2562,7,0.0
80,3,0.058823529411764705
80,6,0.0
80,9,0.05555555555555555
206,1,0.0
206,2,0.0
206,3,0.0
206,4,0.0
206,5,0.0
206,6,0.0
575,1,0.0
575,2,0.03571428571428571
575,3,0.07692307692307693
575,6,0.07142857142857142
575,7,0.06896551724137931
207,7,0.09375
68,8,0.07692307692307693
2195,1,0.0
2686,2,0.06896551724137931
2686,3,0.03225806451612903
2686,5,0.06666666666666667
2686,6,0.06666666666666667
2783,7,0.1
2783,10,0.0
58,5,0.09302325581395349
112,3,0.07142857142857142
112,4,0.07142857142857142
112,8,0.07142857142857142
112,9,0.07142857142857142
112,10,0.06666666666666667
2398,5,0.07692307692307693
2398,6,0.07692307692307693
2398,7,0.07692307692307693
2595,1,0.0
2850,1,0.09090909090909091
2850,3,0.044444444444444446
2850,6,0.046511627906976744
2850,7,0.021739130434782608
2850,8,0.045454545454545456
4088,1,0.07142857142857142
4088,5,0.07142857142857142
4630,2,0.0
4630,3,0.0
4630,4,0.0
21,1,0.0625
21,2,0.0
21,3,0.058823529411764705
136,1,0.058823529411764705
136,6,0.0
87,1,0.0
87,4,0.0
202,1,0.0
202,2,0.0
202,3,0.0
202,4,0.0
202,5,0.037037037037037035
251,1,0.037037037037037035
251,2,0.0
251,3,0.03571428571428571
251,4,0.03571428571428571
251,5,0.0
251,6,0.07142857142857142
251,8,0.07142857142857142
791,6,0.0625
2530,1,0.1
2530,2,0.06666666666666667
2530,6,0.0967741935483871
2530,8,0.06896551724137931
2530,10,0.06666666666666667
2931,6,0.058823529411764705
2931,7,0.058823529411764705
2931,8,0.058823529411764705
9,1,0.06
9,2,0.03773584905660377
9,3,0.0392156862745098
9,4,0.07692307692307693
9,5,0.1
9,6,0.07142857142857142
127,4,0.0
127,5,0.1
127,6,0.1
127,9,0.09523809523809523
2372,2,0.06666666666666667
2372,4,0.06666666666666667
2372,5,0.0
2589,4,0.0
2589,7,0.0
2761,1,0.1
2761,4,0.1
2761,7,0.09090909090909091
2761,8,0.0
50,3,0.09523809523809523
50,6,0.09090909090909091
535,1,0.0
535,3,0.04
535,4,0.08
535,5,0.04
535,7,0.07692307692307693
535,8,0.0
535,6,0.08
29,3,0.0
29,8,0.047619047619047616
137,1,0.0
137,2,0.0
137,5,0.0
137,6,0.0
137,7,0.0
576,5,0.043478260869565216
576,7,0.045454545454545456
4087,6,0.0
4087,7,0.0
4087,8,0.0
4087,9,0.0
4600,4,0.058823529411764705
4600,6,0.058823529411764705
4600,7,0.0
4600,8,0.0
23,2,0.047619047619047616
23,3,0.0
23,4,0.075
23,5,0.05
23,6,0.024390243902439025
23,8,0.04878048780487805
110,1,0.0967741935483871
110,2,0.1
110,3,0.06451612903225806
110,5,0.0967741935483871
110,7,0.03333333333333333
110,8,0.0
110,9,0.1
2295,2,0.1
2484,1,0.05128205128205128
2484,2,0.075
2484,4,0.043478260869565216
2484,7,0.09090909090909091
2855,1,0.08695652173913043
2855,2,0.043478260869565216
2855,3,0.08695652173913043
2855,4,0.043478260869565216
2855,7,0.0
2855,8,0.043478260869565216
22,4,0.0
22,5,0.05263157894736842
22,6,0.05555555555555555
22,7,0.0
577,1,0.06060606060606061
577,3,0.06060606060606061
577,4,0.0
577,5,0.09375
577,6,0.02857142857142857
577,7,0.030303030303030304
577,8,0.03125
1084,6,0.047619047619047616
1084,7,0.0
2370,1,0.1
2370,2,0.0
2370,3,0.0
2370,4,0.034482758620689655
2370,6,0.0
2370,7,0.06896551724137931
2370,8,0.06666666666666667
2765,1,0.09090909090909091
2765,2,0.08333333333333333
2765,3,0.09090909090909091
2765,4,0.08333333333333333
2765,5,0.0
2765,6,0.09090909090909091
2765,7,0.08333333333333333
2765,8,0.0
4089,3,0.0
4089,8,0.0
4677,7,0.08333333333333333
18,4,0.09090909090909091
538,3,0.05555555555555555
538,6,0.05555555555555555
538,7,0.0
538,9,0.0
532,6,0.09523809523809523
532,7,0.0
532,8,0.1
34,3,0.0
34,4,0.0
34,7,0.0
34,9,0.0
129,1,0.1
129,3,0.0
129,4,0.0
129,5,0.09090909090909091
129,7,0.1
129,8,0.09090909090909091
573,1,0.0
573,2,0.0
573,4,0.0
573,5,0.0
573,6,0.0
573,7,0.0
573,8,0.0
573,10,0.05263157894736842
573,11,0.05555555555555555
2298,2,0.038461538461538464
2298,9,0.07692307692307693
2469,2,0.05
77,1,0.08333333333333333
77,2,0.0
77,4,0.04
227,10,0.1
2566,2,0.038461538461538464
2817,1,0.06666666666666667
2817,2,0.0
2817,3,0.0
756,4,0.04
756,5,0.08571428571428572
756,6,0.09090909090909091
757,4,0.08333333333333333
758,2,0.018518518518518517
758,5,0.09090909090909091
758,6,0.07407407407407407
2297,4,0.0
2297,5,0.08
2471,2,0.08333333333333333
2471,5,0.09090909090909091
2471,6,0.0
2831,1,0.0
2831,2,0.0
2831,3,0.0
2831,4,0.0
2831,6,0.0
7,1,0.0
7,2,0.043478260869565216
7,3,0.023809523809523808
7,4,0.047619047619047616
7,5,0.022727272727272728
2403,1,0.0
2403,2,0.0
2403,3,0.0
2403,4,0.0
2403,5,0.0
2403,6,0.0
2568,1,0.08571428571428572
2568,2,0.05405405405405406
2568,3,0.05555555555555555
2568,4,0.08333333333333333
2568,6,0.0
69,5,0.09090909090909091
1087,6,0.05
39,1,0.047619047619047616
39,2,0.09523809523809523
39,3,0.09523809523809523
39,4,0.0
39,5,0.09523809523809523
39,6,0.047619047619047616
39,8,0.047619047619047616
39,9,0.09523809523809523
101,1,0.0
101,2,0.0
101,3,0.0
101,4,0.0
101,5,0.0
101,6,0.0
101,7,0.0
101,8,0.0
101,9,0.0
101,10,0.0
540,3,0.043478260869565216
1061,8,0.034482758620689655
2193,2,0.1
2193,4,0.05263157894736842
2193,5,0.05
2193,6,0.05
2461,1,0.0
2461,2,0.1
2461,6,0.1
142,1,0.0625
142,6,0.0
2774,1,0.043478260869565216
2774,2,0.08333333333333333
2927,5,0.07142857142857142
2987,1,0.058823529411764705
2987,7,0.0625
2987,8,0.0
16,1,0.04
16,3,0.07692307692307693
16,5,0.07692307692307693
74,6,0.0
436,2,0.047619047619047616
436,6,0.09523809523809523
436,7,0.0
2561,4,0.07692307692307693
2561,5,0.07692307692307693
2561,6,0.0
2635,2,0.0
2635,3,0.07692307692307693
2635,5,0.0
2635,6,0.07692307692307693
2635,7,0.07692307692307693
2918,3,0.0
2918,6,0.1
2918,7,0.0
2918,9,0.0
2918,10,0.1
4106,2,0.0625
4106,6,0.0
4106,7,0.0
4628,2,0.05555555555555555
4628,3,0.0
4628,4,0.05555555555555555
4628,5,0.05555555555555555
4628,6,0.0
4628,7,0.05263157894736842
4628,9,0.05263157894736842
13,2,0.0
13,7,0.058823529411764705
786,1,0.0
786,2,0.0
786,3,0.0
786,4,0.0
786,5,0.0
786,6,0.0
786,7,0.0
786,8,0.0
2758,3,0.05263157894736842
253,3,0.1
2356,1,0.09090909090909091
2356,4,0.0
2919,1,0.0
2919,2,0.0
2919,6,0.0
4107,2,0.09523809523809523
4107,3,0.045454545454545456
4107,4,0.043478260869565216
4107,7,0.047619047619047616
88,1,0.06896551724137931
88,2,0.06896551724137931
88,3,0.06896551724137931
88,4,0.07142857142857142
88,5,0.0
88,7,0.0
204,1,0.075
204,2,0.05
204,3,0.047619047619047616
204,4,0.0
204,5,0.0
204,6,0.05
204,7,0.0
537,5,0.05357142857142857
2205,1,0.0
2205,2,0.0
2205,3,0.0
2205,4,0.03125
2205,5,0.0
2205,6,0.030303030303030304
2205,7,0.0625
2470,1,0.0
2470,2,0.03571428571428571
2470,3,0.037037037037037035
2470,4,0.0
2470,5,0.03571428571428571
2470,6,0.0
2470,7,0.07407407407407407
2685,1,0.0
2685,2,0.0
2685,3,0.0
2685,4,0.0
2685,5,0.0
2685,6,0.0
2685,7,0.0
2685,8,0.0
2685,9,0.0
11,1,0.046511627906976744
11,2,0.02127659574468085
11,8,0.022727272727272728
83,1,0.1
83,5,0.0
83,7,0.0
457,2,0.08695652173913043
457,4,0.0851063829787234
457,5,0.024390243902439025
457,7,0.06818181818181818
2634,4,0.07142857142857142
2634,5,0.07692307692307693
2801,1,0.0625
10,6,0.0
79,2,0.03225806451612903
458,4,0.041666666666666664
458,5,0.08333333333333333
458,6,0.08333333333333333
458,7,0.08333333333333333
2358,4,0.047619047619047616
2633,2,0.07692307692307693
2633,3,0.08333333333333333
2803,3,0.09090909090909091
12,2,0.05
12,3,0.0
12,4,0.0
12,8,0.0
12,9,0.0
12,10,0.0
6,1,0.0
6,2,0.0
6,3,0.0
6,4,0.0
6,5,0.0
6,6,0.0
6,7,0.0
6,8,0.0
792,7,0.047619047619047616
792,8,0.09090909090909091
792,9,0.1
792,10,0.047619047619047616
2253,3,0.1
2253,4,0.0
2253,5,0.1
2253,6,0.0
2253,7,0.0
560,6,0.1
2299,1,0.02857142857142857
2299,2,0.08333333333333333
2299,3,0.05128205128205128
2299,5,0.05263157894736842
2299,6,0.02702702702702703
2299,8,0.027777777777777776
2585,5,0.08333333333333333
2254,1,0.06666666666666667
2254,2,0.0
2254,3,0.0
2468,2,0.0
2468,11,0.0
2468,12,0.0
2929,1,0.0
2929,5,0.0
2929,6,0.0
2929,7,0.0
2196,1,0.08695652173913043
2196,2,0.041666666666666664
2196,4,0.04
2424,1,0.06976744186046512
2424,8,0.08163265306122448
2374,2,0.03125
2374,3,0.0
2374,4,0.0
2374,5,0.0
2374,6,0.0
2374,7,0.08333333333333333
2374,8,0.08333333333333333
2374,9,0.0
2374,10,0.07692307692307693
2588,2,0.09090909090909091
2588,4,0.0
2588,8,0.0
2853,1,0.09090909090909091
2853,3,0.07692307692307693
2853,5,0.08333333333333333
2853,6,0.07692307692307693
4109,2,0.06666666666666667
2396,1,0.0
2396,2,0.045454545454545456
2396,3,0.09523809523809523
2396,4,0.041666666666666664
2396,5,0.0
2396,6,0.0
2396,7,0.0
2396,8,0.08333333333333333
2396,9,0.0
2563,2,0.0
2563,3,0.05555555555555555
2563,4,0.05263157894736842
2563,5,0.05555555555555555
2563,8,0.05555555555555555
2563,10,0.05555555555555555
2563,11,0.05263157894736842
2818,2,0.1
2818,6,0.0
2818,8,0.1
2252,4,0.07407407407407407
2252,5,0.0
2252,6,0.0
2252,7,0.03571428571428571
2755,3,0.0
2755,5,0.07692307692307693
2755,6,0.06666666666666667
4085,4,0.05263157894736842
4635,1,0.0
2201,1,0.09375
2201,2,0.05714285714285714
2201,3,0.030303030303030304
2201,5,0.0
2472,1,0.09375
2472,2,0.0967741935483871
2696,1,0.027777777777777776
2696,2,0.05555555555555555
2696,3,0.08823529411764706
2696,5,0.02857142857142857
2200,1,0.058823529411764705
2200,4,0.058823529411764705
2535,1,0.0
2535,2,0.0625
2535,3,0.0
2535,4,0.0
2777,2,0.0625
2777,4,0.058823529411764705
2777,6,0.058823529411764705
2395,2,0.07407407407407407
2395,4,0.0
2395,7,0.07142857142857142
2786,1,0.0
2786,3,0.0
2786,9,0.08333333333333333
4108,2,0.05714285714285714
4108,3,0.08108108108108109
4108,5,0.027777777777777776
4108,6,0.0
4108,7,0.02857142857142857
4108,8,0.058823529411764705
4108,9,0.02631578947368421
4243,2,0.07142857142857142
4243,3,0.0
4243,4,0.07407407407407407
4243,5,0.06896551724137931
4631,4,0.0
4631,6,0.09090909090909091
4631,7,0.0
4631,8,0.09090909090909091
4631,9,0.0
2192,2,0.037037037037037035
2192,8,0.03571428571428571
2192,9,0.0
2459,1,0.05
2459,2,0.0
2459,3,0.0
2459,4,0.0
2459,5,0.043478260869565216
2459,7,0.047619047619047616
2459,8,0.0
2459,9,0.0
2759,1,0.0
2759,2,0.0
2759,4,0.0
2759,5,0.0
2759,6,0.0
4084,3,0.09090909090909091
4084,8,0.1
4629,2,0.06666666666666667
4629,3,0.07142857142857142
4629,6,0.06666666666666667
4629,8,0.0
41,2,0.09375
41,3,0.09090909090909091
41,4,0.09090909090909091
41,5,0.03125
41,6,0.09090909090909091
767,1,0.0
767,2,0.0
767,3,0.0
767,4,0.0
767,5,0.0
767,6,0.0
2155,2,0.058823529411764705
2155,6,0.0
2922,1,0.07692307692307693
2922,2,0.0
2922,3,0.07142857142857142
2922,4,0.06666666666666667
2922,6,0.0
951,1,0.05555555555555555
951,2,0.08108108108108109
951,4,0.05555555555555555
2179,1,0.0
2179,6,0.09090909090909091
2614,1,0.0
2614,2,0.03571428571428571
4360,1,0.09090909090909091
4360,4,0.045454545454545456
4360,8,0.09523809523809523
63,1,0.047619047619047616
843,2,0.07692307692307693
238,1,0.0
238,2,0.03333333333333333
238,3,0.03225806451612903
238,7,0.06451612903225806
238,8,0.0967741935483871
852,2,0.09090909090909091
852,3,0.05
852,6,0.05555555555555555
2948,1,0.0
2948,3,0.0
2948,4,0.0
2948,5,0.0
2948,8,0.0
36,1,0.041666666666666664
36,2,0.0
36,5,0.041666666666666664
737,6,0.04878048780487805
2129,5,0.1
4355,1,0.0
4355,2,0.0
4355,3,0.0
4355,5,0.0
4355,6,0.0
4695,2,0.0
4695,6,0.09090909090909091
4695,8,0.0
4736,2,0.09090909090909091
4736,7,0.09090909090909091
4736,8,0.0
740,2,0.046511627906976744
1046,5,0.021739130434782608
1046,6,0.041666666666666664
2124,3,0.058823529411764705
2124,4,0.0
2124,5,0.058823529411764705
2124,6,0.05555555555555555
2124,7,0.058823529411764705
2124,8,0.05263157894736842
2796,1,0.0
2796,2,0.0
2796,3,0.0
2796,4,0.0
2796,5,0.0
2796,6,0.0
2796,7,0.0
4361,3,0.0
4361,5,0.058823529411764705
4361,6,0.0
4361,7,0.058823529411764705
4696,1,0.0
4696,4,0.0
4696,6,0.0
551,1,0.05
603,2,0.1
603,3,0.09090909090909091
603,4,0.1
4342,1,0.06666666666666667
4342,2,0.047619047619047616
4342,6,0.0
4342,7,0.0
4342,8,0.0625
65,5,0.08695652173913043
65,6,0.047619047619047616
765,5,0.08
765,7,0.04
765,8,0.08
969,1,0.07407407407407407
969,3,0.07407407407407407
969,8,0.04
2150,2,0.058823529411764705
2150,3,0.058823529411764705
2150,4,0.08333333333333333
2150,5,0.02631578947368421
2150,7,0.0
2150,8,0.08333333333333333
319,4,0.0
319,7,0.06666666666666667
319,8,0.0
987,6,0.09090909090909091
987,8,0.09090909090909091
1049,5,0.08333333333333333
2172,1,0.05555555555555555
2172,2,0.05555555555555555
2172,3,0.0
2172,4,0.0
2172,5,0.0
2172,6,0.0
2172,7,0.0
2692,4,0.09375
2692,5,0.06451612903225806
64,8,0.07407407407407407
743,2,0.07142857142857142
743,3,0.0
743,4,0.07692307692307693
743,6,0.05405405405405406
743,7,0.1
2151,1,0.058823529411764705
2841,4,0.05
2841,5,0.05263157894736842
2923,1,0.0
2923,2,0.0
2923,3,0.0
2923,6,0.0
683,1,0.08695652173913043
683,2,0.09090909090909091
683,7,0.043478260869565216
1042,3,0.023255813953488372
1042,4,0.07142857142857142
2108,5,0.047619047619047616
2108,9,0.045454545454545456
470,7,0.046511627906976744
470,8,0.1
988,1,0.0
988,2,0.0
988,3,0.0
988,4,0.0
988,5,0.0
988,6,0.07692307692307693
988,7,0.024390243902439025
988,8,0.0
2400,1,0.08928571428571429
2511,1,0.0784313725490196
2511,2,0.03278688524590164
2511,3,0.05555555555555555
2511,4,0.058823529411764705
2511,5,0.03773584905660377
2511,6,0.037037037037037035
2511,7,0.022222222222222223
2945,1,0.0
2945,2,0.03125
2945,4,0.07142857142857142
2945,5,0.03333333333333333
2945,7,0.0
2945,8,0.037037037037037035
487,5,0.038461538461538464
639,5,0.08064516129032258
850,3,0.0
2476,2,0.07407407407407407
2476,5,0.0
2921,1,0.09090909090909091
2921,2,0.047619047619047616
2921,3,0.047619047619047616
2921,4,0.047619047619047616
2921,5,0.0
2921,6,0.0
2921,8,0.09090909090909091
4358,1,0.05263157894736842
4358,2,0.09523809523809523
4358,3,0.0
4358,4,0.0
4358,5,0.0
4358,6,0.1
4550,1,0.0
4550,2,0.0
4550,3,0.0
4550,4,0.0
4550,5,0.0
4550,6,0.0
4550,7,0.0
4550,8,0.0
516,5,0.08108108108108109
933,2,0.05
933,4,0.05
933,5,0.09523809523809523
2103,1,0.08333333333333333
2103,5,0.07692307692307693
2103,6,0.07142857142857142
2478,3,0.0
2933,1,0.0
2933,6,0.08333333333333333
2933,7,0.0
4362,1,0.0
4362,2,0.0
4362,4,0.045454545454545456
4362,6,0.043478260869565216
4362,7,0.041666666666666664
4362,8,0.0
4362,9,0.0
4582,1,0.0
4582,2,0.0
4582,3,0.0
4582,4,0.0
4582,5,0.0
4582,6,0.0
4582,7,0.0
4582,8,0.0
4582,9,0.0
600,3,0.09375
600,4,0.0967741935483871
600,7,0.034482758620689655
939,3,0.0
939,6,0.1
2176,1,0.07142857142857142
2176,4,0.0
2690,2,0.0
2690,6,0.08333333333333333
4363,4,0.0625
4690,1,0.08333333333333333
4690,2,0.0
4690,7,0.0
638,2,0.06666666666666667
1119,3,0.0625
2301,1,0.05555555555555555
2301,2,0.0
2301,3,0.0
2301,5,0.05263157894736842
2301,7,0.0
2301,8,0.0
2671,2,0.0
2671,3,0.0
2671,5,0.1
2671,6,0.0
2671,8,0.1
2937,7,0.0
42,1,0.09090909090909091
42,2,0.0
42,3,0.0
42,5,0.0
742,1,0.07407407407407407
742,3,0.0
742,5,0.08333333333333333
742,6,0.04
742,8,0.0
968,1,0.05
968,2,0.05
968,3,0.08
968,4,0.09523809523809523
968,5,0.05
968,7,0.05
144,4,0.06976744186046512
144,6,0.06521739130434782
144,7,0.044444444444444446
1082,2,0.05263157894736842
1082,3,0.09523809523809523
1082,4,0.05
1083,2,0.07407407407407407
1083,3,0.043478260869565216
2177,1,0.06666666666666667
2177,2,0.06666666666666667
2177,3,0.0
2177,5,0.0625
2177,6,0.0625
2512,1,0.08
2512,2,0.0
2512,4,0.034482758620689655
2512,5,0.04
2512,6,0.1
3018,1,0.0
3018,3,0.07692307692307693
3018,5,0.0
4744,1,0.09090909090909091
4744,2,0.0
4744,3,0.1
4744,4,0.0
4744,5,0.09090909090909091
4744,6,0.09090909090909091
4757,1,0.0
521,1,0.0
521,2,0.0
521,3,0.0
521,4,0.0
521,5,0.0
521,6,0.0
521,7,0.0
521,8,0.0
952,1,0.09090909090909091
952,2,0.07142857142857142
952,3,0.0
952,4,0.0
2180,1,0.0
2180,5,0.0
2180,6,0.0
2180,8,0.07692307692307693
2603,1,0.0
2603,2,0.0
2603,3,0.0
2603,4,0.0
2603,5,0.0
2603,6,0.0
2603,7,0.0
3016,4,0.0
3016,7,0.0
4351,1,0.0
4351,4,0.0
4686,1,0.0
4686,3,0.0
636,1,0.0625
636,2,0.058823529411764705
636,3,0.0
636,4,0.0
636,5,0.058823529411764705
636,6,0.0
636,9,0.058823529411764705
941,1,0.038461538461538464
941,2,0.07407407407407407
941,3,0.0
941,4,0.0
941,5,0.03125
941,6,0.030303030303030304
941,7,0.0
941,8,0.0
2188,3,0.03125
2188,4,0.05405405405405406
2188,7,0.0625
2188,8,0.09090909090909091
2608,1,0.0
2965,1,0.0
2965,2,0.0625
2965,3,0.0
2965,4,0.0
2965,5,0.0
2965,6,0.0625
2965,7,0.06666666666666667
517,6,0.034482758620689655
895,3,0.08333333333333333
2107,1,0.05555555555555555
2107,3,0.0
2107,4,0.0
2107,5,0.0
2107,6,0.045454545454545456
2107,7,0.0
4733,1,0.0
4733,2,0.08333333333333333
4733,3,0.0
4733,5,0.08333333333333333
4733,6,0.0
4733,7,0.08333333333333333
4733,8,0.0
4738,1,0.0
4738,3,0.058823529411764705
4738,4,0.0
4738,5,0.05555555555555555
730,6,0.058823529411764705
882,1,0.09375
2694,1,0.06060606060606061
4364,1,0.0
4364,2,0.0
4364,3,0.0
4364,5,0.0
4364,7,0.0
4693,4,0.0
4693,6,0.0
4693,7,0.0
44,1,0.0
44,2,0.0
44,3,0.08333333333333333
44,4,0.08333333333333333
44,5,0.0
44,6,0.08333333333333333
44,7,0.08333333333333333
44,8,0.08333333333333333
44,9,0.08333333333333333
940,1,0.0
940,3,0.058823529411764705
2117,1,0.08333333333333333
2117,2,0.0
2117,3,0.0
2117,4,0.0
2117,5,0.0
2117,6,0.08333333333333333
2117,7,0.08333333333333333
2117,8,0.0
2983,1,0.03571428571428571
4352,2,0.0
4352,3,0.0
4352,6,0.0
4352,7,0.0
4352,8,0.0
4694,2,0.0
4694,3,0.0
4694,4,0.08333333333333333
4694,6,0.08333333333333333
4730,5,0.045454545454545456
637,3,0.07407407407407407
637,7,0.0
637,8,0.07142857142857142
637,10,0.03571428571428571
2105,2,0.07692307692307693
2105,3,0.038461538461538464
2105,5,0.07692307692307693
2949,1,0.0
2949,2,0.07142857142857142
2949,6,0.0
239,2,0.1
239,3,0.1
239,4,0.09523809523809523
239,5,0.0
239,6,0.0
239,7,0.1
239,9,0.1
239,10,0.05
239,11,0.0
240,5,0.08
240,6,0.08333333333333333
240,8,0.041666666666666664
315,1,0.0
315,2,0.0
315,3,0.0
315,4,0.03571428571428571
315,5,0.03571428571428571
315,6,0.0
315,7,0.0
315,8,0.0
315,9,0.0
2474,2,0.06666666666666667
2474,6,0.021739130434782608
2474,8,0.06818181818181818
734,6,0.04
886,1,0.0
886,2,0.058823529411764705
886,5,0.0
886,6,0.05263157894736842
886,10,0.09523809523809523
2153,1,0.05555555555555555
2515,6,0.05555555555555555
2947,1,0.0
2947,2,0.0
2947,5,0.0
599,2,0.0
599,5,0.0
599,7,0.08333333333333333
599,8,0.08333333333333333
599,9,0.0
938,2,0.0
2609,1,0.07142857142857142
2609,2,0.0
2609,3,0.0
2609,5,0.0
2609,6,0.06666666666666667
4353,1,0.0
4353,2,0.07692307692307693
4353,4,0.07692307692307693
4353,5,0.0
4353,6,0.0
4689,1,0.1
4689,3,0.047619047619047616
4732,3,0.07692307692307693
4732,4,0.0
4732,6,0.0
4732,7,0.0
2475,1,0.058823529411764705
2475,2,0.05555555555555555
896,1,0.07692307692307693
896,4,0.08
966,2,0.0851063829787234
2178,1,0.0
2178,2,0.0
2178,5,0.0
2178,6,0.0
2673,1,0.0
2673,2,0.06060606060606061
2673,5,0.09375
2673,6,0.027777777777777776
2673,7,0.09375
2979,2,0.0
2979,3,0.0
2979,8,0.0
2979,9,0.0
2979,11,0.0
4354,1,0.058823529411764705
4354,2,0.0
4354,3,0.0
4354,4,0.0
4354,5,0.05555555555555555
4354,6,0.0
4354,7,0.0
4354,9,0.058823529411764705
4354,11,0.058823529411764705
601,3,0.0625
601,4,0.06666666666666667
601,6,0.0
849,2,0.0
849,6,0.09090909090909091
2674,1,0.06666666666666667
2695,1,0.1
2695,2,0.0
2695,3,0.0
2695,4,0.0
2695,5,0.1
2695,6,0.0
2951,1,0.1
2951,2,0.1
2951,3,0.0
2951,4,0.0
2951,5,0.0
2951,6,0.1
469,4,0.07692307692307693
469,6,0.07692307692307693
469,7,0.0
731,6,0.08333333333333333
731,8,0.08333333333333333
2170,1,0.0
2170,5,0.07142857142857142
2402,1,0.09302325581395349
2402,2,0.041666666666666664
2402,3,0.0
3014,2,0.0
3014,3,0.0
3014,5,0.0
3014,6,0.0
3014,7,0.0
119,1,0.06666666666666667
119,2,0.06666666666666667
119,3,0.0
119,5,0.058823529411764705
119,6,0.0
119,7,0.0
1021,2,0.0
2125,1,0.1
2125,2,0.0
2125,5,0.0
2125,6,0.0
2125,7,0.0
2517,1,0.09090909090909091
2517,6,0.08333333333333333
2517,8,0.08333333333333333
4554,3,0.05555555555555555
4745,1,0.0
4745,3,0.08333333333333333
4745,5,0.08333333333333333
4745,6,0.0
4758,2,0.1
4758,3,0.0
4758,4,0.1
4758,5,0.09090909090909091
4758,6,0.09090909090909091
67,3,0.05555555555555555
67,5,0.05555555555555555
67,7,0.0
67,8,0.0
739,5,0.05454545454545454
1020,2,0.05263157894736842
1020,3,0.0
1020,5,0.05263157894736842
1020,6,0.05263157894736842
2128,2,0.0
2128,4,0.06666666666666667
2516,2,0.0
2516,3,0.0
2516,4,0.0
2516,5,0.0
2516,7,0.06666666666666667
2516,8,0.0
2516,1,0.058823529411764705
2963,1,0.045454545454545456
2963,2,0.045454545454545456
2963,3,0.041666666666666664
2963,4,0.0
2963,5,0.0
2963,6,0.0
2963,7,0.045454545454545456
4740,3,0.0
4740,7,0.0
4740,8,0.0
4756,1,0.0
4756,2,0.0
117,4,0.0625
117,5,0.0625
117,6,0.0625
117,1,0.0
1045,1,0.08
2844,2,0.0
2844,4,0.0
2844,5,0.0
2940,1,0.08695652173913043
2940,2,0.08333333333333333
2940,3,0.08695652173913043
2940,5,0.08695652173913043
985,2,0.0
985,3,0.0
985,4,0.07142857142857142
985,5,0.0
985,6,0.07692307692307693
985,9,0.1
310,3,0.038461538461538464
310,8,0.037037037037037035
518,3,0.0
4357,1,0.0
4357,2,0.07692307692307693
4357,5,0.09090909090909091
4357,8,0.0
4357,9,0.0
4359,1,0.02702702702702703
4359,2,0.025
4359,4,0.0
4359,5,0.02702702702702703
4359,6,0.05
4359,7,0.02564102564102564
4359,9,0.04878048780487805
816,3,0.038461538461538464
1018,1,0.05263157894736842
1018,2,0.05
1120,1,0.0
1120,2,0.1
1120,6,0.0
1120,7,0.09090909090909091
1120,8,0.1
2606,2,0.0
2606,5,0.0
2606,8,0.0
2973,1,0.0
2973,2,0.0
2973,3,0.0
2973,4,0.0
2973,5,0.0
2973,6,0.0
2973,7,0.0
2973,8,0.0
4429,4,0.0
4429,8,0.0
150,1,0.0
150,2,0.06896551724137931
150,3,0.03571428571428571
150,4,0.0
150,5,0.037037037037037035
150,6,0.03571428571428571
150,7,0.04
150,8,0.04
773,1,0.1
773,3,0.1
773,4,0.09090909090909091
773,6,0.0
773,5,0.09090909090909091
1047,1,0.0625
242,1,0.0
242,2,0.0
242,3,0.0
242,4,0.0
242,5,0.0
242,6,0.0
242,7,0.0
242,8,0.0
242,9,0.0
817,4,0.08333333333333333
817,6,0.08333333333333333
2126,1,0.0
2126,2,0.0
2126,3,0.0
2126,4,0.06666666666666667
2126,5,0.0
2126,6,0.06666666666666667
2126,7,0.0
2126,8,0.0
2693,1,0.0
2693,4,0.0
2693,5,0.0
2693,6,0.09090909090909091
2980,1,0.045454545454545456
2980,4,0.08695652173913043
2980,5,0.08
4356,1,0.07692307692307693
4356,2,0.07692307692307693
4356,3,0.0
4737,3,0.0
4737,4,0.0
4737,6,0.0
313,2,0.034482758620689655
313,3,0.07407407407407407
313,5,0.06896551724137931
313,8,0.04
313,9,0.0
313,11,0.07407407407407407
814,4,0.0
955,2,0.07407407407407407
955,3,0.037037037037037035
955,6,0.05172413793103448
2261,2,0.0
2261,3,0.1
2617,5,0.09090909090909091
2617,8,0.0
2968,1,0.09523809523809523
2968,3,0.047619047619047616
2968,6,0.09523809523809523
2968,9,0.09523809523809523
311,3,0.0
311,4,0.0
311,5,0.0
311,6,0.09090909090909091
953,3,0.045454545454545456
953,4,0.047619047619047616
953,6,0.045454545454545456
953,7,0.0
2269,1,0.0625
2269,2,0.0
2269,3,0.038461538461538464
2269,4,0.045454545454545456
2269,5,0.0
2269,8,0.0
2269,6,0.038461538461538464
2672,1,0.08695652173913043
2672,4,0.05
2672,7,0.045454545454545456
2672,8,0.0
2967,1,0.043478260869565216
2967,2,0.047619047619047616
2967,4,0.045454545454545456
2967,5,0.09090909090909091
241,4,0.0
813,1,0.0
813,3,0.0
813,4,0.0
147,4,0.0
147,7,0.0
815,4,0.09523809523809523
815,6,0.043478260869565216
815,7,0.047619047619047616
1044,2,0.0
1044,4,0.0
1044,6,0.05
1044,7,0.0
1044,8,0.0
2264,2,0.0
2264,3,0.0
2264,4,0.0
2264,5,0.0
2264,6,0.0
2966,1,0.0
2966,2,0.0
2966,3,0.0
2966,4,0.0
2966,5,0.0
2966,6,0.0
2966,7,0.0
4430,1,0.0
4430,2,0.0
4430,3,0.08695652173913043
4430,4,0.09523809523809523
4430,5,0.045454545454545456
885,8,0.04
2109,1,0.0
2939,3,0.0
2939,8,0.07407407407407407
2256,1,0.0
2256,2,0.0
2256,4,0.06666666666666667
2256,5,0.07142857142857142
2256,6,0.0
2256,7,0.058823529411764705
2256,10,0.058823529411764705
2666,1,0.0
2666,2,0.0
2666,3,0.0
2666,4,0.0
2666,5,0.0
2666,6,0.0
2666,7,0.0
2666,8,0.0
2666,9,0.0
2263,1,0.08333333333333333
2263,5,0.0
2263,6,0.07692307692307693
2263,7,0.0
2263,8,0.0
2975,3,0.0
2975,8,0.0
2976,1,0.0
2976,2,0.0
2976,3,0.0
2976,4,0.0
2976,5,0.0
2976,6,0.0
2976,7,0.0
2976,8,0.0
2118,1,0.09090909090909091
2118,2,0.0
2118,3,0.0
2118,4,0.09090909090909091
2118,6,0.09090909090909091
2118,7,0.0
2304,7,0.09090909090909091
2260,3,0.0
2260,6,0.047619047619047616
2260,7,0.1
2616,2,0.06666666666666667
2616,8,0.0
3011,2,0.09090909090909091
3011,3,0.045454545454545456
3011,4,0.045454545454545456
3011,6,0.09523809523809523
3011,8,0.045454545454545456
2154,3,0.09523809523809523
2154,4,0.043478260869565216
2154,5,0.05
2154,7,0.047619047619047616
2154,8,0.045454545454545456
2518,1,0.027777777777777776
2518,2,0.02631578947368421
2518,4,0.08333333333333333
2518,5,0.09090909090909091
2518,7,0.08333333333333333
2518,8,0.02702702702702703
2950,2,0.0625
2950,6,0.06666666666666667
2950,7,0.0
2950,8,0.0
2262,2,0.07142857142857142
2262,3,0.07142857142857142
2262,4,0.0
2262,6,0.07142857142857142
2262,8,0.0
2602,2,0.09090909090909091
2602,3,0.1
2602,4,0.0
2602,5,0.0
2602,6,0.09090909090909091
2602,8,0.0
2602,9,0.0
2268,1,0.0
3015,3,0.08888888888888889
3015,4,0.023809523809523808
3015,5,0.09090909090909091
3015,8,0.045454545454545456
2610,6,0.1
2842,4,0.08333333333333333
2842,6,0.08695652173913043
2842,8,0.08333333333333333
2952,2,0.0
2952,5,0.0
172,1,0.023255813953488372
172,2,0.0
172,3,0.0
172,4,0.021739130434782608
173,1,0.0
173,2,0.0
173,3,0.0
173,4,0.0
173,5,0.0
173,6,0.0
1067,1,0.03333333333333333
1077,1,0.0625
1077,2,0.02040816326530612
1077,3,0.02
1077,4,0.043478260869565216
717,2,0.03571428571428571
928,1,0.09090909090909091
928,5,0.09090909090909091
1073,2,0.05555555555555555
1073,4,0.045454545454545456
1073,7,0.045454545454545456
1095,1,0.043478260869565216
1095,3,0.043478260869565216
1095,4,0.08
1052,4,0.07142857142857142
1053,4,0.0
1053,6,0.08
1054,1,0.047619047619047616
1054,2,0.0
1054,3,0.0
1054,5,0.043478260869565216
1005,3,0.0
1005,5,0.0
1005,6,0.07142857142857142
1137,5,0.07692307692307693
1137,7,0.0
1137,8,0.07142857142857142
1137,9,0.07692307692307693
1137,10,0.07692307692307693
2698,7,0.05555555555555555
2953,3,0.1
2953,4,0.0
2953,6,0.1
2953,7,0.0
2953,8,0.0
2957,2,0.0
2957,3,0.0
2957,4,0.0
2957,5,0.0
2957,6,0.08333333333333333
2957,7,0.0
2957,8,0.0
946,3,0.08333333333333333
946,6,0.09090909090909091
1152,2,0.0
2437,2,0.0
2437,3,0.0
2437,7,0.0
2645,1,0.0
2645,6,0.0
2645,7,0.0
2781,5,0.05
2781,7,0.05555555555555555
4104,7,0.07692307692307693
4475,1,0.0
4475,2,0.0
4475,3,0.0
4475,4,0.0
4475,5,0.0
4475,6,0.0
4475,7,0.0
4475,8,0.0
4664,1,0.0
4664,2,0.0
4664,3,0.0
4664,4,0.0
4664,5,0.0
4664,6,0.0
4664,7,0.0
4664,8,0.0
4664,9,0.0
4664,10,0.0
1162,3,0.07692307692307693
1162,4,0.07692307692307693
1162,5,0.08
1162,6,0.07692307692307693
1162,7,0.07407407407407407
1094,1,0.0
1094,2,0.0
1094,3,0.0
1094,4,0.041666666666666664
1094,5,0.0
1094,7,0.0
1094,8,0.0
2149,3,0.0
2149,4,0.07142857142857142
2149,5,0.0
2960,3,0.07407407407407407
2960,6,0.03571428571428571
2960,7,0.08333333333333333
3003,3,0.0
3003,7,0.05263157894736842
4231,1,0.1
4231,2,0.07894736842105263
4231,3,0.05405405405405406
4231,4,0.02631578947368421
4231,5,0.02564102564102564
4231,6,0.023809523809523808
4231,7,0.05
4231,8,0.07142857142857142
1006,2,0.0
1006,4,0.09090909090909091
1099,5,0.1
154,1,0.05555555555555555
154,2,0.0
154,3,0.0
154,4,0.05
154,5,0.0
154,6,0.030303030303030304
154,7,0.05555555555555555
904,8,0.0
904,10,0.0625
1026,1,0.0
1026,4,0.05263157894736842
1026,6,0.0
1026,7,0.058823529411764705
1026,8,0.05555555555555555
750,2,0.07142857142857142
1037,1,0.06666666666666667
1037,2,0.06666666666666667
1037,3,0.0
1037,4,0.0
165,1,0.044444444444444446
165,2,0.06521739130434782
165,3,0.08
165,4,0.061224489795918366
165,5,0.04
2629,2,0.0625
2629,4,0.06060606060606061
2629,5,0.06666666666666667
2955,1,0.0
2955,2,0.0
2955,3,0.0
2955,4,0.06666666666666667
2955,5,0.0
2955,6,0.0
2955,7,0.0
2955,8,0.0
2971,1,0.07692307692307693
2971,2,0.0
2971,3,0.0
2971,4,0.07692307692307693
2971,6,0.0
2971,7,0.0
4076,1,0.06666666666666667
4076,2,0.03333333333333333
4076,3,0.0
4076,4,0.0
4076,6,0.034482758620689655
4233,1,0.05263157894736842
4233,2,0.0
4233,3,0.0
4233,4,0.0
4233,6,0.07142857142857142
4233,7,0.0
1092,4,0.09090909090909091
1092,5,0.08695652173913043
1093,4,0.045454545454545456
2148,5,0.06666666666666667
2148,6,0.07142857142857142
2486,2,0.0
2486,4,0.1
2486,6,0.1
2486,7,0.0
2486,8,0.0
2486,9,0.0
2959,4,0.0
2959,7,0.09090909090909091
4075,3,0.0
4229,5,0.0
4416,2,0.0
4416,3,0.0
54,4,0.058823529411764705
54,5,0.05263157894736842
54,7,0.02857142857142857
749,1,0.038461538461538464
749,2,0.037037037037037035
749,3,0.07692307692307693
749,4,0.037037037037037035
749,7,0.0
1035,1,0.09876543209876543
1035,2,0.09876543209876543
1036,1,0.08
1036,2,0.06896551724137931
1036,4,0.06896551724137931
999,2,0.07692307692307693
999,3,0.07142857142857142
999,4,0.06451612903225806
999,5,0.0
999,6,0.0
999,7,0.1
169,2,0.1
1013,2,0.06818181818181818
1039,4,0.0
1039,5,0.0
1039,7,0.0
1039,6,0.0625
2699,1,0.0
2699,3,0.07142857142857142
2699,4,0.09090909090909091
2883,1,0.0
2883,2,0.0
2883,3,0.0
2883,4,0.0
2883,7,0.0
2883,8,0.0
2883,9,0.0
2954,1,0.09090909090909091
2954,2,0.0
2954,3,0.0
2954,4,0.07692307692307693
2954,5,0.0
2954,6,0.0
2954,7,0.0
4078,1,0.0
4078,2,0.0
4078,4,0.0
4078,5,0.0
4078,7,0.0
4078,8,0.043478260869565216
4078,9,0.0
4078,10,0.0
4078,11,0.0
4126,2,0.0
4126,3,0.07692307692307693
4126,5,0.06666666666666667
4126,7,0.0
4423,5,0.07692307692307693
1028,6,0.08333333333333333
1057,1,0.09090909090909091
1057,2,0.09090909090909091
1057,3,0.06451612903225806
1057,4,0.0
1058,3,0.08823529411764706
1058,4,0.06060606060606061
1058,5,0.06451612903225806
2360,4,0.08
2360,5,0.043478260869565216
2360,6,0.09523809523809523
2360,7,0.09090909090909091
2360,8,0.08695652173913043
2485,2,0.0
2485,3,0.0
2485,4,0.0
2485,7,0.06666666666666667
2485,8,0.0
2485,9,0.0
2623,1,0.06666666666666667
2623,2,0.0
2623,3,0.058823529411764705
2623,4,0.0
2623,7,0.0
2623,8,0.05263157894736842
4079,1,0.029411764705882353
4079,2,0.025
4079,3,0.0
4079,4,0.02631578947368421
4079,5,0.027777777777777776
4079,6,0.02631578947368421
4079,7,0.0
4079,8,0.0
4079,9,0.02702702702702703
4079,10,0.0
4418,2,0.045454545454545456
4418,3,0.0
4418,4,0.0
4418,5,0.047619047619047616
4418,6,0.0
4418,7,0.047619047619047616
4418,9,0.0
4418,10,0.0
4418,11,0.09523809523809523
4477,1,0.0
4477,2,0.0
4477,3,0.0
4477,4,0.0
4477,5,0.0
4477,6,0.0
4477,7,0.0
4477,8,0.0
97,1,0.0
97,3,0.047619047619047616
694,4,0.06896551724137931
1145,1,0.047619047619047616
1145,2,0.05555555555555555
1145,3,0.05555555555555555
1145,4,0.08333333333333333
1145,5,0.0
1145,6,0.1
113,2,0.058823529411764705
113,6,0.05405405405405406
1060,3,0.0
1060,4,0.05263157894736842
1060,5,0.0
1060,6,0.05555555555555555
1072,2,0.0
1068,1,0.08
1068,2,0.04
1068,5,0.07692307692307693
1078,2,0.06451612903225806
1078,3,0.03225806451612903
935,1,0.1
935,4,0.047619047619047616
935,5,0.0
1096,1,0.0
1096,2,0.0625
957,1,0.05263157894736842
957,2,0.1
957,4,0.0
957,6,0.0
962,1,0.08
962,6,0.034482758620689655
962,7,0.0
962,8,0.0
962,9,0.0
962,10,0.08
1090,4,0.08
2488,1,0.0
2488,7,0.08333333333333333
2961,8,0.09090909090909091
3034,3,0.0
3034,4,0.0
3034,5,0.0
3034,6,0.0
4422,3,0.0
4422,4,0.0
4422,5,0.0
4422,6,0.0
4422,7,0.0
4422,8,0.0
1069,6,0.06666666666666667
1079,2,0.0
1079,3,0.041666666666666664
1079,4,0.07692307692307693
693,2,0.1
693,3,0.1
693,4,0.05
693,5,0.0
1029,1,0.07692307692307693
1029,2,0.0
1029,3,0.0
1029,4,0.08
1029,5,0.038461538461538464
1055,1,0.03333333333333333
1055,2,0.0
1055,4,0.06451612903225806
1056,1,0.0
168,2,0.08571428571428572
168,3,0.08333333333333333
168,4,0.05405405405405406
168,6,0.06060606060606061
906,1,0.0
906,2,0.0
906,3,0.058823529411764705
906,4,0.0625
1027,1,0.0
1027,2,0.05
1027,3,0.0
1027,4,0.0
1041,4,0.0
1041,6,0.0
1166,2,0.0
1166,4,0.0
1166,6,0.0
1166,8,0.0
2628,3,0.08
2628,4,0.08333333333333333
2628,6,0.038461538461538464
2628,7,0.04
2884,2,0.0
2884,3,0.0
2884,5,0.0
2884,6,0.0
2884,8,0.0
2956,1,0.0
2956,2,0.0
2956,4,0.0
2956,5,0.0
2956,8,0.1
3032,3,0.0
3032,4,0.0
3032,6,0.0
3032,8,0.0
51,2,0.08695652173913043
1144,4,0.07142857142857142
1165,1,0.1
1165,4,0.05
1165,5,0.047619047619047616
1165,8,0.09523809523809523
2168,7,0.0
2624,1,0.07142857142857142
2624,2,0.0625
2624,3,0.0
2624,4,0.0
2624,5,0.05555555555555555
2624,8,0.0
930,2,0.08333333333333333
930,4,0.08333333333333333
930,5,0.08333333333333333
930,6,0.08333333333333333
930,3,0.07692307692307693
2438,1,0.08571428571428572
2438,5,0.09090909090909091
2438,6,0.0967741935483871
2644,2,0.08108108108108109
2780,2,0.0
2780,4,0.0
2780,5,0.0
2780,6,0.0
2780,7,0.0
2780,8,0.0
4101,1,0.0
4101,2,0.047619047619047616
4101,3,0.0
4101,4,0.09523809523809523
4101,5,0.047619047619047616
4101,6,0.047619047619047616
4101,7,0.0
4101,8,0.0
4101,9,0.0
4124,1,0.0
4124,2,0.0
4124,3,0.058823529411764705
4124,4,0.0
4124,5,0.0
4124,7,0.058823529411764705
4124,8,0.058823529411764705
4124,9,0.0
84,1,0.08333333333333333
84,2,0.0
84,3,0.06666666666666667
84,6,0.08333333333333333
84,7,0.0
84,8,0.08333333333333333
934,4,0.0
929,2,0.09375
929,5,0.0
929,6,0.07142857142857142
163,1,0.0
163,2,0.09090909090909091
163,3,0.1
1160,1,0.0
1160,2,0.06666666666666667
1160,3,0.07142857142857142
1160,4,0.0
994,6,0.08333333333333333
1059,3,0.09090909090909091
1059,8,0.0
1075,2,0.058823529411764705
1075,5,0.0625
1075,6,0.0
937,2,0.07407407407407407
937,3,0.08333333333333333
937,4,0.08695652173913043
937,7,0.08
996,2,0.08695652173913043
996,5,0.08695652173913043
2972,5,0.0
2958,7,0.0
3033,5,0.07407407407407407
2287,5,0.06666666666666667
2619,1,0.0
2619,2,0.0
2619,3,0.0
2619,4,0.0
2619,5,0.0
2619,6,0.0
2619,7,0.0
2619,8,0.0
2659,1,0.1
2659,3,0.09523809523809523
2659,4,0.09523809523809523
2659,5,0.05
2659,8,0.047619047619047616
4102,1,0.0625
4102,2,0.0
4102,4,0.0
4102,5,0.0
4102,6,0.0
4102,7,0.0625
4102,8,0.058823529411764705
2700,1,0.0
2700,2,0.0
2700,3,0.0
2700,4,0.0
2700,5,0.0
2700,6,0.0
2700,7,0.0
2700,8,0.0
2848,1,0.0
2848,2,0.0
2848,3,0.0
2848,4,0.0
2848,6,0.0
2848,7,0.0
4105,2,0.0
4105,8,0.0
4105,9,0.0
4415,3,0.1
4415,4,0.09090909090909091
4415,5,0.0
4415,8,0.09090909090909091
4415,9,0.1
4476,1,0.0
4476,2,0.0
4476,3,0.0
4476,4,0.0
4476,5,0.0
4476,6,0.0
4476,7,0.0
4476,8,0.0
4476,9,0.0
2622,2,0.058823529411764705
2622,4,0.0
2622,5,0.0
2622,6,0.0
2622,7,0.0
2658,4,0.0
2658,5,0.0
2658,8,0.0
4103,1,0.0
4103,2,0.0
4103,3,0.0
4103,4,0.0
4103,5,0.0
4103,8,0.08695652173913043
4125,1,0.0
4125,2,0.0
4125,3,0.0
4125,4,0.08333333333333333
4125,5,0.08333333333333333
4125,7,0.0
4125,8,0.0
4480,1,0.030303030303030304
4480,6,0.0
4480,7,0.047619047619047616
4480,11,0.05
2487,1,0.0
2487,5,0.0
2487,7,0.0
2487,8,0.0
3004,1,0.0625
3004,3,0.0625
4074,4,0.08333333333333333
4074,6,0.038461538461538464
4228,7,0.09090909090909091
4481,2,0.058823529411764705
4481,3,0.058823529411764705
4481,4,0.058823529411764705
4481,5,0.0
4669,2,0.08333333333333333
2661,3,0.09090909090909091
2661,8,0.0
2289,1,0.05
2621,2,0.0
2621,3,0.06666666666666667
2621,4,0.07142857142857142
2621,5,0.0
2621,7,0.0
2621,8,0.06666666666666667
2660,1,0.0
2660,5,0.0
2660,6,0.0
2660,7,0.0625
2660,8,0.0
4100,1,0.0
4100,3,0.07142857142857142
4100,4,0.06666666666666667
4100,5,0.0
4100,6,0.07142857142857142
4100,7,0.0
4100,8,0.0
4100,9,0.0
4230,3,0.03333333333333333
4230,8,0.038461538461538464
184,1,0.038461538461538464
184,2,0.037037037037037035
184,6,0.0
184,7,0.07692307692307693
184,8,0.0
833,1,0.07142857142857142
833,5,0.07142857142857142
833,7,0.07142857142857142
182,1,0.02857142857142857
182,2,0.027777777777777776
182,3,0.02857142857142857
182,4,0.05405405405405406
182,5,0.0
182,6,0.05714285714285714
182,7,0.0
182,8,0.05714285714285714
386,1,0.05128205128205128
386,3,0.0
386,4,0.0
386,5,0.05
386,6,0.04878048780487805
386,7,0.05
658,1,0.09090909090909091
658,2,0.0
658,3,0.0
658,4,0.0
658,5,0.09375
511,1,0.0
511,2,0.08333333333333333
511,3,0.07142857142857142
511,5,0.07692307692307693
511,6,0.07692307692307693
511,7,0.07692307692307693
983,1,0.09090909090909091
983,6,0.0
2089,1,0.03125
2089,2,0.06060606060606061
2089,5,0.0967741935483871
2089,6,0.06060606060606061
2442,1,0.06666666666666667
2442,4,0.06666666666666667
2442,5,0.0
2527,1,0.0
2527,2,0.0
2527,4,0.09090909090909091
2527,5,0.0
2527,7,0.09090909090909091
4151,1,0.0
4348,1,0.0
4348,2,0.1
4348,3,0.0
4348,4,0.0
4348,5,0.0
4348,6,0.0
265,1,0.1
265,2,0.09090909090909091
265,4,0.09090909090909091
265,5,0.0
265,6,0.0
598,2,0.06060606060606061
598,5,0.0625
598,6,0.0
598,7,0.09090909090909091
598,8,0.08571428571428572
820,1,0.05
2029,1,0.041666666666666664
2029,2,0.0
2029,3,0.045454545454545456
2029,4,0.0
2121,1,0.0
2121,2,0.07692307692307693
2121,3,0.0
2121,4,0.0
2121,5,0.0
2121,6,0.07692307692307693
2717,1,0.0
2717,2,0.0
2717,3,0.0
2717,4,0.0
2717,5,0.0
2717,7,0.0
210,1,0.03571428571428571
372,1,0.08333333333333333
548,10,0.0967741935483871
2070,1,0.05263157894736842
2070,2,0.03225806451612903
2070,3,0.06666666666666667
2070,4,0.05172413793103448
2070,5,0.01694915254237288
2278,1,0.1
235,1,0.038461538461538464
235,2,0.037037037037037035
235,3,0.07692307692307693
235,4,0.038461538461538464
235,6,0.07692307692307693
556,1,0.06976744186046512
556,2,0.0
556,5,0.09090909090909091
556,8,0.07894736842105263
782,4,0.05263157894736842
782,6,0.1
216,1,0.047619047619047616
216,2,0.047619047619047616
216,4,0.045454545454545456
216,5,0.047619047619047616
678,5,0.0625
798,1,0.07894736842105263
798,3,0.0
798,4,0.06521739130434782
798,5,0.0784313725490196
798,7,0.023255813953488372
2234,1,0.0
2234,2,0.0
2234,3,0.0
2234,5,0.0
2234,6,0.0
2234,7,0.0
2234,8,0.0
2649,3,0.09090909090909091
2649,4,0.0
2649,5,0.0
2649,6,0.09090909090909091
926,1,0.07692307692307693
926,2,0.07142857142857142
926,3,0.07142857142857142
991,1,0.02631578947368421
991,2,0.0
991,3,0.07317073170731707
991,5,0.06818181818181818
2093,2,0.08333333333333333
2093,4,0.058823529411764705
2444,1,0.09523809523809523
2444,2,0.07142857142857142
2529,1,0.09090909090909091
2529,2,0.09090909090909091
2529,3,0.0
2529,4,0.0
2529,5,0.0
2529,7,0.0
4153,1,0.0392156862745098
4153,2,0.04
4153,3,0.0
4153,4,0.0196078431372549
4153,5,0.057692307692307696
4679,4,0.0
4679,5,0.07692307692307693
284,1,0.07692307692307693
284,2,0.0
284,3,0.038461538461538464
284,4,0.07407407407407407
477,1,0.06451612903225806
635,3,0.02127659574468085
635,5,0.0425531914893617
2220,1,0.0
2220,2,0.07142857142857142
2276,2,0.1
2276,4,0.0
4264,1,0.08695652173913043
4264,2,0.043478260869565216
4264,3,0.043478260869565216
4264,6,0.043478260869565216
4264,7,0.04
4562,2,0.0
4562,4,0.02631578947368421
4562,5,0.02857142857142857
4562,8,0.023255813953488372
4562,9,0.075
4562,10,0.025
4562,11,0.07317073170731707
627,1,0.045454545454545456
627,2,0.045454545454545456
627,5,0.0
627,8,0.0
627,11,0.043478260869565216
821,1,0.034482758620689655
821,4,0.07352941176470588
821,6,0.06172839506172839
366,1,0.1
494,1,0.038461538461538464
856,1,0.09523809523809523
856,2,0.047619047619047616
856,3,0.047619047619047616
856,4,0.0
856,5,0.0
856,6,0.09090909090909091
856,7,0.09523809523809523
856,8,0.0
2157,1,0.0625
2157,2,0.0
2157,3,0.0
2157,4,0.0625
2157,5,0.0
2157,6,0.0
2157,7,0.0
2354,1,0.06666666666666667
2354,2,0.0625
2354,3,0.0
2354,4,0.0
2354,5,0.0
2354,6,0.0
2540,1,0.0
2540,2,0.0
2540,3,0.09090909090909091
2540,4,0.0
2540,5,0.0
2540,6,0.09090909090909091
2540,7,0.09090909090909091
4019,1,0.0
4019,3,0.0
4019,4,0.05263157894736842
4019,5,0.05555555555555555
4019,6,0.1
4081,1,0.0
4081,2,0.0
4081,3,0.047619047619047616
4081,4,0.0
4081,5,0.0
4081,6,0.0
4081,7,0.0
4387,1,0.0
4387,2,0.0
4387,3,0.0
4387,7,0.0
4387,8,0.0
762,1,0.05263157894736842
1015,4,0.09375
2996,2,0.0
2996,4,0.0
2996,6,0.0
4012,3,0.1
4012,4,0.0
4012,6,0.0
4012,7,0.0
4128,1,0.0
4128,2,0.0
4128,4,0.0
369,2,0.029411764705882353
369,5,0.02631578947368421
501,3,0.06060606060606061
501,4,0.058823529411764705
891,6,0.08333333333333333
891,7,0.058823529411764705
2025,2,0.058823529411764705
2025,3,0.0
2025,4,0.0625
2025,6,0.058823529411764705
2113,6,0.047619047619047616
4033,1,0.0
4033,3,0.0
4204,1,0.02564102564102564
4204,2,0.025
4204,3,0.08108108108108109
4204,4,0.0
4204,5,0.1
4204,7,0.0
4534,2,0.08333333333333333
4534,5,0.08333333333333333
4534,8,0.08333333333333333
911,4,0.09523809523809523
1038,3,0.08
1038,4,0.038461538461538464
1038,6,0.0
1038,7,0.0
1038,8,0.07692307692307693
153,1,0.05555555555555555
153,2,0.05555555555555555
153,4,0.0
153,5,0.05555555555555555
2037,2,0.0
2037,3,0.0
2275,1,0.0
330,1,0.0
330,2,0.0
330,3,0.0
330,5,0.07407407407407407
330,6,0.034482758620689655
330,7,0.03333333333333333
553,1,0.06666666666666667
553,2,0.08333333333333333
553,4,0.058823529411764705
553,5,0.05
553,7,0.0
553,8,0.0625
706,1,0.0
706,2,0.0
706,3,0.0
706,4,0.0
706,5,0.0
706,6,0.0
2080,1,0.0
2080,2,0.0
2080,3,0.0
2080,4,0.0
2080,5,0.0
2080,6,0.0
2080,7,0.0
2080,8,0.0
2080,9,0.0
2187,1,0.0
2187,2,0.0
2187,5,0.0
2187,6,0.0
2598,1,0.0
2598,2,0.0
2598,3,0.0
2598,4,0.1
2598,5,0.1
2598,6,0.0
2598,7,0.0
2598,8,0.0
4058,1,0.0
4058,8,0.0
4200,2,0.05555555555555555
4200,3,0.0
4200,4,0.05555555555555555
4200,6,0.058823529411764705
4200,8,0.0625
4200,9,0.0
4537,4,0.1
491,1,0.08695652173913043
491,2,0.0
491,4,0.08695652173913043
491,5,0.0
714,6,0.08823529411764706
714,8,0.06896551724137931
964,3,0.06060606060606061
197,1,0.0
197,2,0.045454545454545456
197,3,0.045454545454545456
197,7,0.09090909090909091
593,3,0.0
593,4,0.0
593,6,0.058823529411764705
829,2,0.06896551724137931
829,3,0.06896551724137931
829,7,0.06896551724137931
4040,1,0.07142857142857142
4040,2,0.0625
4040,3,0.0
4040,4,0.0
4040,5,0.0
4150,1,0.05
4150,2,0.047619047619047616
4150,3,0.0
4150,4,0.1
4431,3,0.034482758620689655
555,2,0.023809523809523808
555,3,0.046511627906976744
555,4,0.0
555,5,0.023255813953488372
555,6,0.022222222222222223
555,8,0.023809523809523808
783,2,0.041666666666666664
783,5,0.04
783,7,0.08333333333333333
2078,1,0.09523809523809523
2456,1,0.0
2456,2,0.1
2456,4,0.1
2456,5,0.1
2456,6,0.0
2456,8,0.0
525,8,0.0
848,6,0.09375
2042,1,0.07142857142857142
2042,2,0.0
2042,3,0.0
2042,4,0.07142857142857142
2042,5,0.0
2042,6,0.07142857142857142
2042,7,0.07142857142857142
2845,3,0.08333333333333333
2845,5,0.045454545454545456
4118,2,0.058823529411764705
4118,5,0.058823529411764705
4118,6,0.05263157894736842
4304,1,0.07692307692307693
4304,2,0.0
4304,3,0.07692307692307693
4304,5,0.07142857142857142
4304,6,0.0
4304,7,0.07142857142857142
4650,1,0.0
4650,2,0.0
4650,3,0.0
4650,4,0.0
4650,5,0.0
4650,6,0.0
4650,7,0.0
4650,8,0.0
157,1,0.0
157,2,0.05714285714285714
157,3,0.0
157,4,0.0
157,5,0.024390243902439025
157,6,0.05555555555555555
157,7,0.05555555555555555
157,8,0.05263157894736842
303,1,0.0
303,3,0.0
303,4,0.06666666666666667
303,6,0.07142857142857142
303,8,0.06666666666666667
837,2,0.08695652173913043
837,4,0.08333333333333333
837,9,0.05263157894736842
2072,2,0.05263157894736842
2072,4,0.047619047619047616
2277,1,0.0
2277,2,0.05
2277,3,0.0
2709,1,0.0
2709,3,0.043478260869565216
2709,6,0.08333333333333333
212,1,0.09090909090909091
212,2,0.0
212,4,0.0
711,2,0.07407407407407407
711,4,0.07692307692307693
629,1,0.0
629,2,0.04
629,3,0.038461538461538464
629,4,0.0
629,5,0.0
629,6,0.037037037037037035
629,7,0.0
894,3,0.06666666666666667
894,8,0.06666666666666667
2640,2,0.0
2640,4,0.0
2640,5,0.0
2640,6,0.0
2640,7,0.0
2640,8,0.0
2718,5,0.0
2997,1,0.0
2997,2,0.0
2997,3,0.0
2997,4,0.0
2997,5,0.0
2997,6,0.0
2997,8,0.0
266,1,0.0
266,2,0.0
266,3,0.0
266,4,0.0
266,5,0.0
626,2,0.075
2044,1,0.07142857142857142
2044,2,0.06896551724137931
2044,3,0.0
2044,4,0.0
2044,5,0.0
2119,2,0.1
2639,1,0.03225806451612903
2639,2,0.0
2639,3,0.06060606060606061
4039,1,0.05555555555555555
4039,2,0.0
4039,3,0.0
4130,1,0.0
4130,2,0.0
4130,3,0.0
4130,4,0.0
4130,5,0.0
4332,2,0.0
4332,5,0.06666666666666667
4332,6,0.0625
4717,1,0.0
247,1,0.0
247,3,0.045454545454545456
297,2,0.0
297,3,0.0
297,4,0.0
297,5,0.047619047619047616
297,6,0.0
297,7,0.08695652173913043
715,4,0.08333333333333333
2052,3,0.04
2052,4,0.0
2052,5,0.043478260869565216
2052,6,0.1
4004,2,0.0
4004,3,0.0
4004,5,0.0
4533,1,0.0
4533,2,0.045454545454545456
4533,5,0.0
189,2,0.04878048780487805
189,3,0.047619047619047616
189,4,0.0
189,5,0.022222222222222223
189,6,0.04878048780487805
355,1,0.07317073170731707
512,4,0.045454545454545456
190,1,0.0392156862745098
190,2,0.017543859649122806
190,3,0.017241379310344827
190,4,0.07407407407407407
190,5,0.018867924528301886
190,6,0.07272727272727272
190,7,0.0425531914893617
190,8,0.08
356,1,0.09090909090909091
356,3,0.05405405405405406
356,5,0.09375
356,6,0.05714285714285714
356,8,0.08823529411764706
2040,1,0.07692307692307693
2040,2,0.0
2040,3,0.0
2040,4,0.0
2040,6,0.0
2040,7,0.0
2040,8,0.0
2452,2,0.09090909090909091
2452,3,0.08695652173913043
2452,4,0.09090909090909091
2452,5,0.038461538461538464
2452,6,0.0
2452,7,0.0
2452,8,0.0
4062,6,0.06666666666666667
4062,8,0.06666666666666667
826,2,0.07142857142857142
826,3,0.06666666666666667
826,8,0.06896551724137931
827,1,0.0
827,2,0.0
827,3,0.0
827,8,0.043478260869565216
2020,1,0.0
2020,2,0.0
2020,5,0.0
2116,1,0.07692307692307693
2676,1,0.05
2676,2,0.1
2676,7,0.041666666666666664
4043,2,0.0
4043,6,0.0
4202,1,0.0
4202,2,0.0
4202,3,0.0
4202,4,0.07142857142857142
4536,5,0.1
337,6,0.07407407407407407
675,7,0.07692307692307693
917,2,0.09090909090909091
917,7,0.0
917,9,0.09090909090909091
2142,2,0.0
2142,3,0.09090909090909091
2142,5,0.09090909090909091
2142,6,0.0
2142,8,0.0
2637,5,0.0
2637,7,0.0
4154,1,0.0
4154,3,0.0
4154,5,0.0
4154,6,0.0
4154,7,0.0
622,1,0.0
622,3,0.02857142857142857
622,4,0.02857142857142857
622,5,0.0
622,6,0.0
708,3,0.1
853,4,0.075
853,5,0.027777777777777776
853,6,0.0
853,7,0.027777777777777776
853,8,0.06896551724137931
2038,1,0.0
2038,2,0.0967741935483871
2038,4,0.03333333333333333
2038,5,0.0
2038,6,0.09375
2101,1,0.043478260869565216
2101,3,0.08333333333333333
2101,6,0.0
198,3,0.0
461,1,0.041666666666666664
461,4,0.07407407407407407
631,2,0.045454545454545456
2381,4,0.05714285714285714
2707,6,0.07692307692307693
2769,2,0.03225806451612903
2769,3,0.0
2769,4,0.08
2769,7,0.07407407407407407
4046,2,0.0
4046,3,0.0
4046,5,0.0
4046,6,0.0
4046,7,0.0
4046,8,0.0
4046,9,0.0
4267,1,0.0
4267,3,0.07142857142857142
4267,4,0.0
4267,5,0.0
4267,6,0.07692307692307693
4267,8,0.0
4558,1,0.0
4558,2,0.0
4558,3,0.0
4558,4,0.0
4558,5,0.0
4558,6,0.0
4558,7,0.0
4558,8,0.0
4558,9,0.0
508,1,0.0
508,2,0.0
922,2,0.09523809523809523
922,3,0.1
922,4,0.045454545454545456
922,5,0.05
922,6,0.047619047619047616
989,2,0.0
989,3,0.0
989,4,0.0
989,5,0.07894736842105263
989,6,0.07142857142857142
989,7,0.05263157894736842
2088,1,0.0
2088,2,0.058823529411764705
2088,4,0.0
2088,6,0.0
2521,1,0.0
2521,2,0.0
2521,4,0.058823529411764705
2521,5,0.030303030303030304
2521,6,0.0625
2521,7,0.06060606060606061
2521,8,0.08823529411764706
195,3,0.07407407407407407
195,4,0.07407407407407407
195,6,0.07142857142857142
591,2,0.058823529411764705
591,9,0.05263157894736842
824,1,0.02
824,2,0.0425531914893617
824,3,0.08163265306122448
824,4,0.0
824,5,0.06382978723404255
824,6,0.08333333333333333
2019,1,0.0
2019,2,0.0
2019,3,0.0
2019,4,0.0
2019,5,0.0
2675,3,0.0
2675,4,0.0
4035,1,0.0
4035,2,0.0
4035,3,0.0
4035,4,0.0967741935483871
4035,5,0.0
4162,3,0.08
4432,5,0.09090909090909091
338,2,0.1
338,3,0.1
338,4,0.0
338,5,0.0
338,6,0.0
338,8,0.0
913,3,0.06666666666666667
913,5,0.0625
913,6,0.0
913,8,0.0625
2144,1,0.0
2144,3,0.0
2144,4,0.0
2144,8,0.0
2450,1,0.0
2450,2,0.0
2450,3,0.0
2450,4,0.0
2450,5,0.0
2450,6,0.0
2450,7,0.0
2450,9,0.0
4164,1,0.0
4164,2,0.0
4164,7,0.0
4164,9,0.0
4626,3,0.0
4626,4,0.0
4626,5,0.0
4626,7,0.0
4626,9,0.0
180,1,0.07407407407407407
879,5,0.1
2712,1,0.1
2712,8,0.1
2713,1,0.0
2713,3,0.0
2713,4,0.0
2713,5,0.0
2713,6,0.0
2713,9,0.0
2714,1,0.0
2714,2,0.0
2714,3,0.0
2714,4,0.0
2714,5,0.0
2714,8,0.0
4266,1,0.07547169811320754
4559,1,0.0
4559,2,0.0
4559,4,0.0
4559,5,0.0
152,1,0.0
152,2,0.0
152,3,0.0
152,4,0.0
152,5,0.0
152,6,0.0967741935483871
152,8,0.03225806451612903
459,1,0.0
459,2,0.030303030303030304
459,3,0.0
459,4,0.0
459,5,0.0
459,6,0.0
459,8,0.03125
459,9,0.03225806451612903
632,1,0.07142857142857142
632,2,0.0
632,3,0.03571428571428571
632,4,0.03571428571428571
632,5,0.03571428571428571
632,6,0.0
632,7,0.037037037037037035
632,8,0.07142857142857142
2036,1,0.05555555555555555
2036,2,0.0
2036,3,0.0
2036,4,0.0
2036,5,0.0
2036,6,0.05263157894736842
2036,7,0.0
2165,1,0.0
2165,3,0.05263157894736842
2165,4,0.0
2165,6,0.0
2559,3,0.08333333333333333
2559,5,0.08
4063,1,0.0
4063,2,0.0
4063,3,0.0
4063,4,0.0
4063,5,0.05
4063,6,0.0
4063,7,0.0
4063,8,0.05
4063,9,0.1
4063,10,0.0
4269,2,0.0
4269,4,0.08
4269,5,0.08695652173913043
4269,6,0.043478260869565216
4269,7,0.041666666666666664
4269,8,0.043478260869565216
4269,9,0.08333333333333333
4561,1,0.0
4561,2,0.0
4561,3,0.0
4561,4,0.0
4561,5,0.09090909090909091
4561,6,0.045454545454545456
4561,7,0.09523809523809523
4561,8,0.1
4561,9,0.0
213,1,0.06666666666666667
213,2,0.058823529411764705
777,1,0.1
777,2,0.0
479,1,0.0
479,2,0.0
479,3,0.0
479,4,0.0
479,5,0.0
479,6,0.0
479,7,0.0
479,8,0.0
495,2,0.0967741935483871
495,6,0.09090909090909091
495,8,0.06060606060606061
2013,1,0.0
2013,2,0.05
2013,3,0.0
2013,5,0.0
2013,6,0.1
2013,8,0.05
2137,2,0.043478260869565216
2723,3,0.07317073170731707
4007,1,0.0625
4007,2,0.058823529411764705
4007,3,0.0625
4007,4,0.0625
4007,5,0.0625
4007,6,0.0
4007,7,0.058823529411764705
4007,8,0.0625
4620,1,0.0
4620,2,0.0
4620,7,0.07692307692307693
4620,8,0.08333333333333333
283,1,0.045454545454545456
283,2,0.043478260869565216
283,3,0.043478260869565216
283,4,0.08695652173913043
283,5,0.09090909090909091
283,6,0.043478260869565216
283,7,0.043478260869565216
393,1,0.0
393,2,0.027777777777777776
393,3,0.02631578947368421
393,4,0.05128205128205128
393,5,0.02702702702702703
568,4,0.05405405405405406
568,5,0.05263157894736842
568,6,0.0
839,1,0.07692307692307693
839,3,0.038461538461538464
839,6,0.04
839,8,0.08
2034,1,0.0
2034,2,0.03125
2034,3,0.06060606060606061
2034,4,0.0967741935483871
2034,5,0.0967741935483871
2034,6,0.03225806451612903
2162,1,0.0
2162,2,0.08333333333333333
2162,3,0.0
2162,6,0.0
2162,7,0.08333333333333333
2071,2,0.0
2071,3,0.0
2223,3,0.045454545454545456
4045,1,0.0
4045,2,0.0
4045,4,0.0
4045,6,0.0
4265,1,0.0625
4265,3,0.0625
4560,2,0.0
324,1,0.037037037037037035
324,2,0.03571428571428571
324,3,0.03571428571428571
324,4,0.07142857142857142
324,5,0.07142857142857142
324,6,0.07407407407407407
925,5,0.1
2146,5,0.1
2146,6,0.06896551724137931
2447,2,0.0
2522,1,0.07692307692307693
2522,6,0.0
4159,1,0.0
4159,2,0.1
4159,4,0.0
4159,5,0.05555555555555555
4417,5,0.0
4417,6,0.0
4417,7,0.0
401,1,0.0
401,2,0.0
401,3,0.0
401,4,0.0
401,5,0.0
401,6,0.0
401,7,0.0
482,1,0.07407407407407407
482,2,0.07547169811320754
482,5,0.07017543859649122
847,3,0.09375
847,4,0.0967741935483871
2026,1,0.08823529411764706
2026,2,0.0
2026,4,0.09090909090909091
2026,5,0.09375
2026,7,0.06060606060606061
2026,8,0.0625
2135,1,0.0
2135,2,0.0
2135,3,0.0
2135,5,0.0
2135,8,0.0
2726,5,0.09090909090909091
159,1,0.058823529411764705
394,1,0.0
394,2,0.08888888888888889
394,5,0.09433962264150944
764,2,0.1
2054,2,0.0
2054,3,0.0
2222,1,0.0
2222,2,0.0
2222,3,0.0
2222,4,0.0
2222,5,0.0
2222,6,0.09090909090909091
2222,7,0.0
2222,8,0.09090909090909091
2741,1,0.07142857142857142
2741,4,0.07142857142857142
2741,5,0.0
4048,1,0.0
4048,2,0.0
4048,3,0.0
4048,4,0.0
4270,1,0.0
4270,2,0.1
4270,3,0.0
4270,4,0.0
4270,5,0.0
4270,6,0.0
4270,7,0.1
4563,1,0.0
4563,2,0.0
4563,4,0.0
4563,7,0.0
2045,1,0.09090909090909091
2045,2,0.08333333333333333
2045,3,0.09090909090909091
2045,4,0.08333333333333333
2045,5,0.0
2045,7,0.0
2045,8,0.09090909090909091
2236,3,0.08695652173913043
2728,3,0.0
2728,4,0.1
2728,5,0.0
2728,6,0.0
221,3,0.09302325581395349
221,4,0.047619047619047616
221,6,0.07142857142857142
221,7,0.044444444444444446
221,8,0.046511627906976744
249,1,0.0
249,2,0.0
249,3,0.06896551724137931
249,4,0.06666666666666667
249,5,0.07407407407407407
249,6,0.0
249,7,0.038461538461538464
249,8,0.037037037037037035
299,4,0.0
659,3,0.0
659,4,0.0625
659,6,0.058823529411764705
2006,1,0.0
2006,3,0.0
2006,4,0.0
2006,5,0.0
2006,6,0.0
2006,7,0.0
2111,2,0.047619047619047616
2111,3,0.0
2111,4,0.0625
2111,7,0.1
2738,4,0.07407407407407407
2738,5,0.037037037037037035
226,3,0.06060606060606061
489,1,0.04878048780487805
565,1,0.047619047619047616
2039,1,0.0
2039,2,0.0
2039,3,0.02631578947368421
2039,4,0.04878048780487805
2039,6,0.0
2039,7,0.05263157894736842
2110,2,0.0975609756097561
2110,5,0.022222222222222223
2110,6,0.09523809523809523
2110,7,0.09302325581395349
309,4,0.07142857142857142
309,5,0.038461538461538464
624,6,0.0967741935483871
795,3,0.0
176,2,0.0
176,3,0.0
176,4,0.0
176,5,0.0
176,6,0.0
619,1,0.047619047619047616
619,2,0.08333333333333333
619,3,0.05555555555555555
619,5,0.08695652173913043
619,6,0.08333333333333333
619,7,0.0
619,8,0.0
778,2,0.0
778,3,0.0
778,4,0.0
778,5,0.0
170,2,0.0
170,3,0.07692307692307693
170,4,0.07692307692307693
170,5,0.0
170,7,0.0
170,8,0.07692307692307693
353,1,0.041666666666666664
353,2,0.041666666666666664
353,3,0.041666666666666664
909,2,0.08
909,3,0.08
909,5,0.04
909,7,0.041666666666666664
676,1,0.05555555555555555
676,5,0.1
676,6,0.05
800,2,0.0
800,4,0.0
800,6,0.0
800,7,0.041666666666666664
2068,1,0.0
2068,2,0.07692307692307693
2068,4,0.0
2068,5,0.0
2068,6,0.0
2652,2,0.0
2652,5,0.0625
2652,7,0.09090909090909091
2677,1,0.09090909090909091
2677,3,0.08333333333333333
2677,5,0.0
2677,7,0.09090909090909091
2677,8,0.08333333333333333
2677,9,0.08333333333333333
4263,5,0.0967741935483871
4489,2,0.09523809523809523
4489,3,0.0
4489,4,0.0
4489,5,0.1
4489,6,0.07692307692307693
4489,7,0.05263157894736842
4489,10,0.05263157894736842
488,2,0.07692307692307693
713,1,0.0
713,2,0.0625
713,3,0.06666666666666667
2082,2,0.0
2082,3,0.0
2082,4,0.0
2082,5,0.0
2115,1,0.0
2115,2,0.0
2115,3,0.0
2115,5,0.08333333333333333
2115,6,0.0
2115,7,0.08333333333333333
2491,1,0.0
2491,2,0.0
2491,3,0.0
2491,4,0.08333333333333333
2491,5,0.0
2491,7,0.06666666666666667
2491,8,0.07142857142857142
4002,1,0.0
4002,2,0.0
4002,4,0.1
4002,5,0.0
4002,6,0.0
4002,7,0.0
295,3,0.0
295,4,0.0
358,2,0.0
358,3,0.0
358,4,0.0
358,5,0.0
358,6,0.0
2049,3,0.04
2049,4,0.07407407407407407
2049,5,0.08
2049,7,0.08
2086,7,0.058823529411764705
4003,2,0.0
4060,3,0.0
4060,5,0.0
4060,6,0.0
4060,7,0.0
4060,8,0.0
4060,9,0.0
4471,1,0.0
4471,2,0.0
4471,3,0.0
4471,4,0.0
4471,5,0.0
704,1,0.07407407407407407
704,2,0.0
704,3,0.037037037037037035
704,5,0.0
704,6,0.0
784,1,0.043478260869565216
784,2,0.08695652173913043
784,6,0.043478260869565216
2081,1,0.045454545454545456
2081,2,0.0
2081,3,0.043478260869565216
2081,4,0.0
2081,5,0.0
2081,6,0.0
2081,7,0.08695652173913043
2081,8,0.08695652173913043
2224,5,0.0
2596,2,0.06666666666666667
2596,3,0.0
2596,4,0.06666666666666667
2596,6,0.07142857142857142
234,1,0.06896551724137931
234,2,0.0
234,3,0.06451612903225806
234,5,0.027777777777777776
234,6,0.05555555555555555
234,7,0.030303030303030304
234,8,0.09090909090909091
781,3,0.05714285714285714
781,4,0.0
781,5,0.05555555555555555
781,6,0.0
781,7,0.0
781,8,0.058823529411764705
781,9,0.0
2077,1,0.0
2185,1,0.06976744186046512
2715,2,0.06666666666666667
4539,1,0.0
4539,3,0.0
4539,9,0.0
326,6,0.08333333333333333
326,9,0.08
927,5,0.07142857142857142
927,7,0.07142857142857142
927,8,0.0
993,7,0.0
2091,1,0.0625
2091,2,0.0625
2091,3,0.0625
2091,5,0.0625
2091,6,0.0
2091,7,0.0625
2091,8,0.0
2440,1,0.03571428571428571
2440,2,0.038461538461538464
2525,1,0.08695652173913043
2525,2,0.043478260869565216
2525,6,0.1
4158,1,0.0
4158,2,0.0
4158,4,0.0
4158,5,0.0
4158,8,0.041666666666666664
4410,2,0.1
4410,3,0.05
4653,1,0.09090909090909091
4653,4,0.09523809523809523
4653,6,0.0
4653,7,0.05
4653,8,0.1
963,3,0.07142857142857142
2092,3,0.03571428571428571
2092,4,0.03571428571428571
2092,5,0.034482758620689655
2092,6,0.07142857142857142
2092,8,0.03571428571428571
2441,1,0.07692307692307693
2441,2,0.0
2441,3,0.07692307692307693
2441,4,0.0
2441,5,0.07692307692307693
2441,6,0.0
2441,7,0.0
2526,2,0.05263157894736842
2526,7,0.05263157894736842
2526,8,0.05555555555555555
4155,1,0.0
4155,2,0.09090909090909091
4155,4,0.0
4155,5,0.1
4155,6,0.0
4155,7,0.1
4651,1,0.09523809523809523
4651,2,0.1
4651,3,0.05
4651,4,0.0
4651,5,0.0
4651,6,0.05
4651,7,0.0
4651,8,0.05555555555555555
220,1,0.0
220,2,0.0
220,3,0.0
220,4,0.0
220,5,0.07142857142857142
220,6,0.06666666666666667
842,1,0.04
842,2,0.0
842,3,0.08
842,6,0.08
907,1,0.0
907,2,0.07692307692307693
907,3,0.0
907,4,0.07692307692307693
2095,3,0.09090909090909091
2095,5,0.041666666666666664
2495,2,0.07142857142857142
2495,3,0.07142857142857142
2495,5,0.0
2495,6,0.0
2495,7,0.07142857142857142
2791,1,0.043478260869565216
2791,2,0.043478260869565216
2791,3,0.043478260869565216
4066,1,0.0
4066,2,0.0
4066,3,0.0
4066,4,0.0
4066,5,0.0
305,1,0.045454545454545456
305,2,0.045454545454545456
305,3,0.045454545454545456
642,1,0.04
642,2,0.037037037037037035
799,1,0.034482758620689655
507,1,0.0
507,2,0.0
507,3,0.05263157894736842
507,4,0.05263157894736842
507,6,0.0
507,7,0.05555555555555555
507,8,0.1
920,1,0.0
920,2,0.0
920,3,0.1
920,4,0.1
920,6,0.1
972,2,0.1
972,3,0.0
2147,1,0.0
2147,5,0.0
2147,6,0.0
2147,7,0.0
2528,2,0.0
2528,5,0.0
2528,6,0.0
3036,1,0.0
3036,2,0.0
3036,5,0.0
3036,7,0.0
4156,1,0.0
4156,2,0.0
4156,4,0.058823529411764705
4350,1,0.0
4350,2,0.0
4350,4,0.0
4350,5,0.0
4350,6,0.0
680,2,0.08695652173913043
680,3,0.047619047619047616
796,2,0.0
796,4,0.0
2056,1,0.0
2056,2,0.02702702702702703
2056,3,0.02702702702702703
2056,4,0.05405405405405406
2056,5,0.08108108108108109
2056,6,0.08108108108108109
2130,3,0.0
2130,4,0.05263157894736842
2130,5,0.0625
2648,2,0.0
2648,3,0.0
2648,4,0.0
2648,5,0.0
2648,6,0.0
2648,10,0.0
4027,1,0.0
4027,3,0.0
4196,1,0.07692307692307693
4196,2,0.0
4196,3,0.0
4196,5,0.07692307692307693
4196,6,0.07142857142857142
4490,2,0.05263157894736842
502,1,0.0
502,2,0.0
502,3,0.0
502,4,0.0
502,5,0.0
502,6,0.0
502,7,0.0
502,8,0.0
892,3,0.0
892,6,0.0
892,8,0.0625
211,2,0.02127659574468085
211,3,0.043478260869565216
623,1,0.06818181818181818
623,2,0.06818181818181818
623,3,0.09302325581395349
623,4,0.02127659574468085
623,5,0.06382978723404255
623,6,0.041666666666666664
779,4,0.0
178,3,0.0
178,4,0.0625
178,6,0.07142857142857142
178,7,0.0
178,8,0.0
625,2,0.0
625,3,0.0
625,4,0.0
364,1,0.07142857142857142
364,6,0.06666666666666667
364,7,0.07692307692307693
364,8,0.05555555555555555
855,1,0.0
855,2,0.0625
855,3,0.058823529411764705
855,4,0.0
855,5,0.0
855,9,0.0
308,1,0.0
308,2,0.0
308,3,0.0
308,4,0.0
308,5,0.0
308,6,0.0
644,1,0.0
644,2,0.0
644,3,0.0
644,4,0.08333333333333333
644,5,0.0
802,2,0.04
621,1,0.0967741935483871
621,2,0.0967741935483871
621,4,0.03225806451612903
621,5,0.0967741935483871
621,6,0.06451612903225806
710,3,0.09090909090909091
710,4,0.03125
151,2,0.0
151,4,0.1
151,6,0.0
151,7,0.0
371,4,0.07692307692307693
371,5,0.0
371,6,0.07692307692307693
371,7,0.07692307692307693
371,8,0.0
371,9,0.0
563,2,0.07407407407407407
2055,1,0.03571428571428571
2055,2,0.0
2055,3,0.0
2055,4,0.03571428571428571
2055,5,0.03571428571428571
2164,5,0.08333333333333333
2708,1,0.0
2708,3,0.1
2708,7,0.1
191,3,0.05263157894736842
357,2,0.075
660,1,0.0
660,2,0.05263157894736842
660,3,0.0
660,4,0.0
365,2,0.0
493,1,0.0
493,3,0.0
493,4,0.0
493,6,0.09090909090909091
493,7,0.1
673,1,0.07692307692307693
673,2,0.0
673,5,0.0
673,6,0.0
915,1,0.0
915,7,0.1
2143,1,0.0
2143,2,0.0
2451,1,0.0
2451,2,0.0
2451,3,0.0
2451,4,0.08333333333333333
2451,5,0.09090909090909091
2451,6,0.08333333333333333
2572,2,0.1
2572,4,0.0
302,1,0.0967741935483871
302,4,0.09375
302,6,0.09375
522,4,0.07142857142857142
2369,1,0.0
2369,2,0.0
2369,3,0.0625
2369,4,0.0
2369,5,0.058823529411764705
2369,6,0.058823529411764705
2369,7,0.0
4051,1,0.0
4051,2,0.0
4051,3,0.0
4051,6,0.0
4051,8,0.0
4302,1,0.1
4302,2,0.05
4302,3,0.05
4302,4,0.0
4302,5,0.047619047619047616
4302,7,0.047619047619047616
832,1,0.0
832,3,0.08333333333333333
832,5,0.0
832,6,0.0
832,7,0.0
1009,1,0.07692307692307693
1009,2,0.03571428571428571
1009,5,0.034482758620689655
1030,1,0.03333333333333333
1030,2,0.0
1030,4,0.038461538461538464
2051,1,0.0
2051,2,0.038461538461538464
2051,3,0.034482758620689655
2051,4,0.0
2051,5,0.06666666666666667
2099,3,0.07407407407407407
321,3,0.06666666666666667
321,4,0.07142857142857142
321,5,0.0
321,6,0.07142857142857142
321,10,0.06666666666666667
526,1,0.03571428571428571
526,2,0.07142857142857142
526,4,0.04
526,5,0.0
526,8,0.0
526,9,0.03333333333333333
526,10,0.037037037037037035
867,4,0.0
867,5,0.0
867,7,0.0
867,8,0.0
2014,2,0.06666666666666667
2014,5,0.0
2014,6,0.03571428571428571
2014,7,0.1
2208,1,0.0
2208,2,0.08333333333333333
2208,3,0.0
2208,4,0.0
2208,5,0.0
2208,6,0.0
2208,7,0.058823529411764705
2208,8,0.02857142857142857
3026,1,0.07142857142857142
3026,2,0.06666666666666667
3026,3,0.0
3026,4,0.0
3026,5,0.0
3026,6,0.0
301,3,0.047619047619047616
301,6,0.047619047619047616
524,3,0.06896551724137931
524,4,0.1
524,5,0.08823529411764706
524,6,0.08823529411764706
524,7,0.0967741935483871
1172,1,0.0
1172,2,0.0
1172,3,0.0
1172,4,0.0
1172,5,0.0
1172,6,0.0
1172,7,0.0
1172,8,0.0
2010,1,0.0625
2010,5,0.058823529411764705
2010,6,0.0
2010,7,0.0
2010,8,0.0
2271,3,0.07142857142857142
2720,1,0.047619047619047616
2720,2,0.0
2720,3,0.0
2720,4,0.0
2720,6,0.05555555555555555
2720,7,0.0
264,1,0.03125
264,2,0.030303030303030304
264,3,0.03125
264,4,0.08823529411764706
264,5,0.0625
264,6,0.09090909090909091
264,7,0.03125
264,8,0.0
759,2,0.06557377049180328
1174,1,0.0
1174,2,0.0
1174,3,0.0
1174,4,0.0
1174,5,0.0
1174,7,0.0
1174,8,0.0
2083,1,0.09803921568627451
2235,1,0.037037037037037035
2235,2,0.03333333333333333
2235,3,0.0
2235,4,0.0
2235,5,0.07142857142857142
2235,6,0.0
4127,4,0.0
500,2,0.08571428571428572
500,3,0.058823529411764705
500,6,0.09090909090909091
500,7,0.09090909090909091
727,1,0.0
727,2,0.07142857142857142
727,3,0.05263157894736842
727,4,0.025
727,5,0.02564102564102564
727,7,0.04878048780487805
727,6,0.05128205128205128
890,1,0.05555555555555555
890,4,0.0
890,7,0.0
2007,2,0.0
2007,3,0.0
2007,4,0.0
2114,2,0.0
2114,3,0.0
2114,5,0.05263157894736842
2114,6,0.0
2681,5,0.0
4206,2,0.0
4206,4,0.05
4206,6,0.047619047619047616
4206,7,0.1
4502,2,0.1
4601,2,0.0
4601,6,0.0
4601,7,0.0
300,1,0.038461538461538464
300,2,0.037037037037037035
300,3,0.0
300,4,0.0
497,2,0.037037037037037035
497,6,0.034482758620689655
2136,3,0.058823529411764705
2136,6,0.0
2722,2,0.0
2722,6,0.0
2722,7,0.0
4008,2,0.07692307692307693
4008,3,0.08333333333333333
4008,4,0.0
4008,5,0.08333333333333333
4008,6,0.0
4061,1,0.0
4061,2,0.0
4061,3,0.0
4061,4,0.0
4061,5,0.0
4061,6,0.0
4061,7,0.0
4061,8,0.0
403,1,0.0
403,2,0.05
403,3,0.0
403,4,0.05
403,5,0.0
403,6,0.0
403,7,0.05263157894736842
496,1,0.09090909090909091
496,3,0.045454545454545456
496,4,0.043478260869565216
844,2,0.07407407407407407
844,4,0.07692307692307693
844,5,0.034482758620689655
844,6,0.0
2041,1,0.0
2041,2,0.0
2041,3,0.0
2041,4,0.05555555555555555
2041,5,0.0
2041,6,0.0
2041,7,0.05263157894736842
2079,3,0.0
2079,5,0.0
2079,7,0.0
2079,8,0.0
2724,5,0.0
2724,7,0.0
196,1,0.07692307692307693
196,2,0.07142857142857142
196,3,0.07142857142857142
196,4,0.0
196,5,0.0
196,6,0.0
592,1,0.0
592,3,0.0
825,1,0.058823529411764705
825,2,0.0
825,3,0.058823529411764705
825,4,0.06666666666666667
825,5,0.0
825,6,0.0
825,7,0.0
267,5,0.09523809523809523
267,6,0.045454545454545456
267,7,0.045454545454545456
267,10,0.0
289,1,0.047619047619047616
289,2,0.047619047619047616
289,7,0.09090909090909091
523,1,0.0
523,2,0.06666666666666667
523,3,0.0
523,4,0.0
523,5,0.07142857142857142
523,6,0.07692307692307693
523,7,0.07142857142857142
523,8,0.0
868,1,0.08333333333333333
868,4,0.0
868,6,0.08333333333333333
868,7,0.0
868,8,0.07692307692307693
2015,1,0.0
2015,4,0.043478260869565216
2721,1,0.07407407407407407
2721,3,0.07407407407407407
3025,1,0.0
3025,2,0.0
3025,3,0.0
3025,4,0.0
3025,5,0.09090909090909091
3025,6,0.0
3025,8,0.09090909090909091
4044,1,0.06666666666666667
4044,2,0.0
4044,3,0.058823529411764705
4044,4,0.0
4044,6,0.0
4044,7,0.06666666666666667
4044,8,0.0625
4301,5,0.056338028169014086
4469,1,0.08333333333333333
4469,2,0.08333333333333333
4469,5,0.0
327,1,0.08
327,3,0.07407407407407407
327,4,0.04
327,9,0.04
921,1,0.1
921,2,0.1
921,5,0.1
921,6,0.1
2094,2,0.0
2094,3,0.058823529411764705
2094,5,0.0625
2445,1,0.0
2445,2,0.0
2445,3,0.09090909090909091
2445,4,0.09090909090909091
2445,5,0.0
2445,6,0.0
2445,7,0.0
4157,1,0.0
4157,2,0.0
4157,3,0.06666666666666667
4157,4,0.0
4157,6,0.06666666666666667
4160,1,0.0
4160,2,0.0
4160,6,0.0
4652,1,0.07692307692307693
4652,2,0.0
4652,3,0.0
4652,4,0.07692307692307693
2221,2,0.038461538461538464
2221,4,0.08
2221,5,0.07692307692307693
2710,2,0.0
2710,4,0.0
2710,5,0.0
2710,6,0.0
2710,7,0.0
2710,8,0.0
4047,1,0.0
4047,2,0.0
4047,3,0.0
4047,4,0.0
4047,5,0.0
4047,6,0.0
4047,7,0.0
4268,2,0.09090909090909091
4268,3,0.09090909090909091
4268,4,0.0
4268,5,0.0
4268,6,0.09090909090909091
4268,7,0.0
4268,8,0.09090909090909091
4557,2,0.0
4557,3,0.0
4557,4,0.0
4557,7,0.0
4557,8,0.0
4557,9,0.0
503,1,0.05555555555555555
503,3,0.09523809523809523
503,5,0.0
224,4,0.07894736842105263
836,1,0.06060606060606061
836,2,0.08571428571428572
836,3,0.0
836,4,0.058823529411764705
836,5,0.02857142857142857
836,6,0.09090909090909091
2050,1,0.05263157894736842
2050,2,0.1
2050,3,0.0
2050,5,0.0
2102,6,0.1
2102,7,0.0
2492,2,0.03571428571428571
2492,5,0.037037037037037035
2492,6,0.0
160,1,0.05555555555555555
160,2,0.0
160,4,0.058823529411764705
160,5,0.05
160,6,0.05555555555555555
359,5,0.08333333333333333
908,1,0.0
908,2,0.0
908,3,0.0
908,7,0.0
908,8,0.07142857142857142
2098,3,0.034482758620689655
2098,4,0.034482758620689655
2098,5,0.06896551724137931
2098,6,0.034482758620689655
2098,8,0.034482758620689655
2494,1,0.04
2494,2,0.0
2494,3,0.0
2494,4,0.04
2494,5,0.038461538461538464
2494,6,0.08
2494,7,0.038461538461538464
2494,8,0.08
2792,2,0.0
2792,4,0.0625
2792,5,0.058823529411764705
2792,10,0.058823529411764705
223,5,0.05263157894736842
515,1,0.1
515,6,0.05263157894736842
156,1,0.0
156,3,0.08
156,5,0.0
156,9,0.08
392,1,0.0
392,2,0.08
392,3,0.0
392,5,0.041666666666666664
392,6,0.08695652173913043
392,7,0.045454545454545456
392,8,0.04
392,9,0.043478260869565216
633,1,0.0
633,2,0.0
633,3,0.0
633,4,0.0
633,5,0.0
633,6,0.0
633,7,0.058823529411764705
2053,2,0.1
2053,3,0.0
2380,1,0.09090909090909091
2380,2,0.0
2380,3,0.0
2380,4,0.0
2380,5,0.0
2380,6,0.09090909090909091
2711,1,0.045454545454545456
2711,2,0.09090909090909091
2711,4,0.043478260869565216
2711,7,0.0
306,3,0.034482758620689655
306,4,0.0
306,5,0.07407407407407407
620,1,0.0
620,2,0.0
620,3,0.0
620,4,0.0
620,5,0.0
620,6,0.0
620,7,0.0
620,8,0.0
709,1,0.020833333333333332
709,2,0.0
709,3,0.061224489795918366
709,4,0.020833333333333332
709,5,0.0196078431372549
709,6,0.06
761,3,0.0851063829787234
1016,1,0.08
2084,1,0.06666666666666667
2084,2,0.037037037037037035
2084,4,0.08333333333333333
2120,1,0.06666666666666667
2120,2,0.06666666666666667
2120,3,0.0
2120,4,0.06666666666666667
2120,5,0.0
2120,6,0.0
2120,7,0.0
2727,2,0.07692307692307693
2727,4,0.07692307692307693
2727,5,0.09523809523809523
2727,7,0.0
2727,8,0.0
4010,2,0.0
4010,3,0.0
4239,1,0.038461538461538464
194,1,0.06666666666666667
194,2,0.06666666666666667
594,1,0.09090909090909091
828,1,0.0
828,2,0.06896551724137931
828,4,0.03571428571428571
828,5,0.0
2021,1,0.0
2021,2,0.0
2021,3,0.0
2021,4,0.0
2021,5,0.09090909090909091
2662,1,0.0
2662,2,0.0
4036,1,0.0
4036,2,0.0
4036,3,0.0
4036,4,0.0
4036,5,0.0
4036,6,0.09090909090909091
354,6,0.058823529411764705
547,1,0.06060606060606061
547,2,0.030303030303030304
547,3,0.030303030303030304
547,4,0.029411764705882353
547,5,0.0
547,6,0.09090909090909091
547,7,0.0
547,8,0.0
2379,1,0.0
2379,2,0.0
2379,3,0.0
2379,4,0.0
2379,5,0.0
2379,6,0.0
2379,7,0.0
2379,8,0.0
2556,1,0.07407407407407407
2556,5,0.07692307692307693
336,1,0.02040816326530612
336,2,0.0784313725490196
336,3,0.02
336,8,0.07692307692307693
672,2,0.0
672,3,0.0
672,4,0.0
672,5,0.08
672,6,0.04
672,8,0.04
672,9,0.041666666666666664
672,10,0.0
914,3,0.05263157894736842
914,6,0.02631578947368421
2145,1,0.0
2449,1,0.038461538461538464
2449,2,0.08333333333333333
2449,3,0.0
2449,4,0.0
2449,5,0.041666666666666664
2449,6,0.0
2449,7,0.04
2716,5,0.07692307692307693
2716,7,0.07407407407407407
325,1,0.0
325,2,0.0
325,3,0.0
325,4,0.0
325,5,0.0
325,6,0.0
325,7,0.0
325,8,0.0
325,9,0.0
924,1,0.07692307692307693
924,6,0.0
924,9,0.07692307692307693
924,10,0.07692307692307693
970,3,0.047619047619047616
970,6,0.043478260869565216
970,8,0.09523809523809523
2090,1,0.0
2090,2,0.0
2090,3,0.0
2090,4,0.0
2090,5,0.0
2090,6,0.0
2090,8,0.0
2439,1,0.0
2439,3,0.0
2439,4,0.0
2439,6,0.0
2439,8,0.0
2439,9,0.0
2524,1,0.0
2524,2,0.0
2524,3,0.07142857142857142
2524,4,0.0
2524,6,0.07142857142857142
2524,8,0.0
4152,2,0.09090909090909091
4152,3,0.09090909090909091
4152,5,0.1
4169,2,0.08955223880597014
361,2,0.0
2076,1,0.0
2076,2,0.0
2076,3,0.0
2076,4,0.0
2076,5,0.0
2076,6,0.0
2597,2,0.058823529411764705
2597,6,0.0
2737,3,0.0
2737,4,0.0
2737,5,0.0
2737,6,0.0
2737,8,0.1
4057,2,0.0
4057,5,0.1
4057,6,0.0
4057,7,0.0
4538,5,0.0
4538,8,0.0
4755,4,0.0
4755,7,0.0
214,6,0.08823529411764706
643,2,0.09523809523809523
643,5,0.07692307692307693
643,6,0.05
780,1,0.043478260869565216
780,2,0.0
1138,1,0.0
1138,2,0.0
1138,3,0.0
1138,4,0.0
1138,5,0.041666666666666664
498,2,0.03333333333333333
498,3,0.034482758620689655
498,4,0.034482758620689655
498,5,0.1
498,8,0.03571428571428571
2022,1,0.0
2022,2,0.0
2022,3,0.0
2022,5,0.0
2022,6,0.0
2022,7,0.0
2207,1,0.0
2207,3,0.0
2207,4,0.0
2207,6,0.0
2207,8,0.047619047619047616
219,5,0.08695652173913043
219,7,0.07692307692307693
797,1,0.0
797,2,0.0
797,3,0.0
797,4,0.0
797,5,0.09090909090909091
797,6,0.0
797,7,0.09090909090909091
183,1,0.037037037037037035
183,2,0.07407407407407407
183,4,0.07142857142857142
183,6,0.03571428571428571
183,8,0.03571428571428571
385,1,0.08571428571428572
834,1,0.0975609756097561
2046,1,0.0
2046,2,0.0
2046,4,0.0
2046,5,0.0
2046,6,0.0
2219,4,0.08823529411764706
4014,1,0.0
4014,2,0.0
4014,3,0.07692307692307693
4014,4,0.0
4014,6,0.08333333333333333
4014,7,0.07692307692307693
4133,2,0.0
4133,3,0.0
4133,4,0.0
4133,5,0.1
4133,6,0.09090909090909091
2017,1,0.07142857142857142
2017,4,0.03333333333333333
2017,5,0.045454545454545456
2273,1,0.05555555555555555
2273,3,0.05263157894736842
2273,4,0.0
2273,5,0.05555555555555555
2575,3,0.09523809523809523
2575,4,0.06976744186046512
4052,2,0.1
4052,3,0.0
4052,6,0.1
4097,1,0.045454545454545456
4097,2,0.045454545454545456
4097,3,0.0
4097,4,0.045454545454545456
4097,5,0.041666666666666664
4097,6,0.08695652173913043
4097,7,0.0
4425,1,0.034482758620689655
4425,2,0.0
4425,4,0.0
4425,5,0.03125
4425,6,0.06896551724137931
4425,7,0.0967741935483871
4425,8,0.06060606060606061
2067,1,0.03333333333333333
2067,2,0.03125
2067,3,0.03225806451612903
2067,4,0.03125
2067,5,0.0
2067,6,0.0967741935483871
2132,1,0.02702702702702703
2132,2,0.05405405405405406
2650,2,0.045454545454545456
2650,4,0.09523809523809523
2650,5,0.08333333333333333
4028,2,0.027777777777777776
4487,1,0.0967741935483871
4487,2,0.09375
4487,5,0.09375
4487,6,0.058823529411764705
4487,7,0.0967741935483871
4531,4,0.0
4531,6,0.05555555555555555
4531,7,0.058823529411764705
4531,8,0.0
2047,1,0.06666666666666667
2047,2,0.06666666666666667
2047,7,0.0625
2141,1,0.03333333333333333
2141,2,0.0625
2141,3,0.0
2141,4,0.03125
2141,5,0.0625
4015,1,0.0
4015,2,0.0
4015,4,0.0
4015,5,0.0
4015,6,0.05555555555555555
4015,7,0.0
4015,8,0.05555555555555555
4131,2,0.05263157894736842
4131,3,0.05
4131,4,0.0
4131,6,0.05263157894736842
4131,7,0.0
4424,1,0.02564102564102564
4424,2,0.0
4424,4,0.02702702702702703
4424,6,0.05263157894736842
4424,7,0.07894736842105263
4424,8,0.0
4424,9,0.025
2063,1,0.07692307692307693
2063,3,0.07894736842105263
2063,4,0.07692307692307693
2215,1,0.0
2215,3,0.04
2215,4,0.037037037037037035
2215,6,0.041666666666666664
2215,7,0.08695652173913043
2215,8,0.0
2215,9,0.041666666666666664
2544,2,0.0
2544,6,0.09523809523809523
2030,2,0.0
2030,3,0.0
2030,5,0.0
2160,2,0.07142857142857142
2160,3,0.0
2160,4,0.07407407407407407
2160,6,0.07142857142857142
2465,1,0.0
2465,2,0.0
2465,6,0.0
2465,7,0.0
2016,3,0.0
4098,1,0.0
4098,2,0.0
4098,3,0.0
4098,4,0.0
4098,5,0.0
4098,6,0.0
4426,2,0.07142857142857142
4426,4,0.0625
4426,5,0.07142857142857142
4426,7,0.0
2061,1,0.08333333333333333
2061,2,0.08333333333333333
2061,3,0.09090909090909091
2061,7,0.08333333333333333
2169,2,0.09090909090909091
2169,4,0.08333333333333333
2543,1,0.0
2543,4,0.0
2543,5,0.0
2543,7,0.0
4017,1,0.0
4017,2,0.07317073170731707
4017,3,0.08888888888888889
4017,4,0.07142857142857142
4017,5,0.0
4017,6,0.024390243902439025
4017,7,0.02127659574468085
4086,1,0.1
4086,2,0.0
4086,3,0.05
4086,5,0.09523809523809523
4086,7,0.09523809523809523
2217,1,0.09090909090909091
2217,2,0.030303030303030304
2217,4,0.08333333333333333
2217,5,0.06060606060606061
2274,1,0.0
2274,2,0.0
2274,3,0.05555555555555555
2274,4,0.0
2274,5,0.05555555555555555
2274,6,0.0
2576,1,0.034482758620689655
2576,2,0.06060606060606061
2576,3,0.07142857142857142
2576,6,0.06896551724137931
2576,7,0.0
4029,1,0.0
4029,2,0.07142857142857142
4029,3,0.07142857142857142
4484,2,0.0
2066,1,0.07407407407407407
2066,2,0.07407407407407407
2232,1,0.037037037037037035
2232,2,0.09090909090909091
2232,6,0.0
2232,7,0.08823529411764706
2651,1,0.0975609756097561
2651,4,0.1
4026,1,0.06666666666666667
4026,2,0.0
4026,3,0.0
4026,4,0.058823529411764705
4026,5,0.0625
4026,6,0.0
4026,7,0.0
4026,8,0.06666666666666667
4026,9,0.0
4026,10,0.0
4197,1,0.02127659574468085
4197,2,0.0
4197,3,0.0
4197,4,0.0
4197,5,0.0425531914893617
4197,6,0.044444444444444446
4197,7,0.06976744186046512
4197,8,0.0
4529,1,0.08
4529,2,0.07407407407407407
4529,3,0.04
4529,4,0.0
4529,5,0.04
4529,6,0.041666666666666664
4529,7,0.0
2087,1,0.0
2087,2,0.058823529411764705
2087,3,0.05263157894736842
2087,7,0.0625
2448,1,0.0
2448,2,0.05
2448,3,0.0
2448,4,0.0
2448,5,0.1
2448,6,0.0
2448,7,0.0
2523,2,0.0
2523,3,0.0
2523,4,0.0
2523,5,0.05555555555555555
2523,6,0.058823529411764705
2523,7,0.058823529411764705
2069,1,0.0
2069,2,0.0
2069,3,0.0
2069,4,0.0
2069,5,0.05555555555555555
2069,7,0.0
2069,8,0.0
2133,1,0.08823529411764706
2133,2,0.02857142857142857
2133,3,0.08108108108108109
2133,4,0.0
2133,5,0.02702702702702703
2133,6,0.027777777777777776
2133,7,0.02702702702702703
2133,8,0.0
2361,1,0.012048192771084338
2361,2,0.03571428571428571
2361,3,0.011764705882352941
2361,4,0.034482758620689655
2361,5,0.08080808080808081
2361,7,0.06
4024,1,0.07692307692307693
4024,2,0.0
4024,3,0.07692307692307693
4024,4,0.08
4024,5,0.0
4262,2,0.03333333333333333
4262,5,0.06896551724137931
4530,1,0.0
4530,2,0.09090909090909091
4530,3,0.0
4530,7,0.09090909090909091
2023,1,0.1
2023,3,0.1
2023,5,0.1
2023,6,0.1
2679,6,0.0
2683,2,0.0
2683,3,0.047619047619047616
4207,1,0.0
4207,3,0.0
2005,7,0.0
2112,1,0.046511627906976744
2682,2,0.0
4034,6,0.1
2018,1,0.08
2018,2,0.08
2018,3,0.08
2018,4,0.038461538461538464
2018,5,0.08
2018,6,0.04
2158,2,0.037037037037037035
2158,3,0.045454545454545456
2158,4,0.0
2158,5,0.07142857142857142
2574,1,0.08695652173913043
4031,1,0.08333333333333333
4031,2,0.0
4031,3,0.0
4031,4,0.0
4031,5,0.08333333333333333
4031,7,0.09090909090909091
4134,1,0.0
4134,2,0.0
4134,5,0.058823529411764705
2008,1,0.0
2008,5,0.0
2008,7,0.0
2008,2,0.0
2237,1,0.0
2237,3,0.09090909090909091
2237,4,0.1
2237,5,0.0
2237,6,0.0
2237,7,0.09090909090909091
2237,8,0.0
2680,1,0.04
2680,2,0.0
2680,3,0.04
2680,4,0.06896551724137931
2680,5,0.037037037037037035
4032,3,0.0
4032,4,0.0
4032,5,0.0
4032,6,0.08333333333333333
4032,7,0.09090909090909091
4032,8,0.09090909090909091
4203,1,0.0
4203,4,0.058823529411764705
4203,5,0.0
4203,6,0.05555555555555555
2062,1,0.05263157894736842
2062,2,0.0
2062,3,0.0
2062,4,0.0
2062,5,0.05263157894736842
2062,7,0.05263157894736842
2541,5,0.0851063829787234
4020,2,0.08333333333333333
4020,3,0.08695652173913043
4020,4,0.045454545454545456
4093,1,0.0
4093,2,0.0
4093,3,0.043478260869565216
4093,4,0.0
4753,1,0.0
4753,2,0.0
4753,3,0.0
4753,4,0.0
2057,2,0.08695652173913043
2057,3,0.041666666666666664
2057,4,0.043478260869565216
2057,5,0.08695652173913043
2057,6,0.0
2057,7,0.08
2057,8,0.0
2362,1,0.06521739130434782
2362,2,0.0
2362,3,0.02
2362,5,0.07142857142857142
2362,6,0.05555555555555555
2362,7,0.038461538461538464
2362,8,0.06382978723404255
2654,5,0.0
4055,2,0.0
4055,5,0.1
4261,6,0.06666666666666667
4261,7,0.07142857142857142
2048,1,0.0
2048,2,0.0
2048,3,0.0
2048,4,0.0
2216,1,0.08
2216,4,0.045454545454545456
2216,5,0.0
2766,2,0.04878048780487805
2766,3,0.05405405405405406
4194,1,0.1
4194,3,0.05555555555555555
4194,4,0.0
4194,5,0.05263157894736842
4194,6,0.0
4194,7,0.05555555555555555
4483,5,0.09090909090909091
4483,7,0.07692307692307693
2031,1,0.0
2031,3,0.0
2031,4,0.0
2031,5,0.0
2031,6,0.0
2031,8,0.0
2218,2,0.08333333333333333
2218,5,0.05714285714285714
4013,1,0.0
4013,2,0.0
4013,3,0.07692307692307693
4013,5,0.08333333333333333
4013,6,0.0
4013,7,0.08333333333333333
4507,1,0.0
4507,2,0.0
4507,3,0.0
4507,4,0.0
4507,5,0.0
4507,6,0.0
4507,7,0.0
4507,8,0.0
2131,1,0.0
2131,2,0.022727272727272728
2131,3,0.09302325581395349
2131,4,0.0
2131,5,0.045454545454545456
2131,6,0.023255813953488372
2131,7,0.046511627906976744
2131,8,0.06818181818181818
2231,1,0.08
2231,2,0.0
2231,3,0.04
2231,4,0.08
2231,5,0.08
2231,6,0.0
2655,1,0.0
2655,2,0.05
2655,3,0.0
2655,4,0.05
2655,5,0.0
2655,6,0.0
2655,7,0.0
2655,8,0.0
2024,1,0.09090909090909091
2024,5,0.0
2024,6,0.0
2024,7,0.0
2024,8,0.07692307692307693
2239,1,0.045454545454545456
2239,3,0.0
2239,5,0.038461538461538464
2239,7,0.08
2239,8,0.0
2059,2,0.0
2059,3,0.1
2059,4,0.0
2059,5,0.09090909090909091
2059,6,0.0
2233,1,0.0
2233,2,0.0
2233,3,0.05
2233,4,0.047619047619047616
2233,5,0.0
2653,1,0.0
2653,2,0.0
2653,3,0.0
2653,4,0.0
4053,2,0.09523809523809523
4053,3,0.022222222222222223
4260,1,0.0
4260,2,0.1
4260,3,0.1
4260,4,0.05
4260,7,0.1
4532,1,0.0
4532,2,0.0
4532,3,0.0
4532,4,0.0
4532,5,0.0
4532,6,0.0
4532,7,0.0
4532,8,0.0
2065,1,0.034482758620689655
2065,4,0.034482758620689655
2161,1,0.0
2161,2,0.058823529411764705
2161,4,0.0
2161,5,0.0
2161,6,0.058823529411764705
4030,1,0.0
4030,2,0.0
4030,3,0.0
4030,4,0.0
4030,5,0.0
4030,6,0.0
4030,7,0.0
2009,1,0.0
2009,2,0.0
2140,1,0.05555555555555555
2140,2,0.0
2140,3,0.06666666666666667
2573,1,0.07142857142857142
2573,6,0.07142857142857142
2573,7,0.06666666666666667
4023,1,0.0
4023,2,0.0625
4023,4,0.0
4023,5,0.07142857142857142
4023,6,0.0
4023,7,0.06666666666666667
4505,1,0.0
4505,2,0.1
4505,3,0.09090909090909091
4505,4,0.09090909090909091
4505,5,0.0
4505,6,0.0
4505,7,0.0
4011,1,0.0
4011,2,0.0
4011,3,0.0
4011,4,0.0
4011,5,0.0
4129,1,0.05555555555555555
4129,2,0.08571428571428572
4129,3,0.0
4129,4,0.0
4333,1,0.07142857142857142
4333,2,0.037037037037037035
4333,3,0.07407407407407407
4333,4,0.037037037037037035
4333,5,0.07407407407407407
4333,6,0.04
4333,7,0.0625
4006,1,0.1
4006,2,0.09090909090909091
4006,3,0.0
4006,4,0.0
4006,5,0.0
4006,6,0.09090909090909091
4006,7,0.1
4485,4,0.07692307692307693
4485,6,0.0
4485,8,0.08333333333333333
4096,8,0.0967741935483871
4388,1,0.0
4388,2,0.05
4388,3,0.05
4388,4,0.0
4388,6,0.05
4388,7,0.1
4388,8,0.05
4751,2,0.0
4751,4,0.0
4751,6,0.0
4751,8,0.0
4038,1,0.07692307692307693
4038,3,0.07692307692307693
4038,4,0.0
4038,5,0.07692307692307693
4238,1,0.058823529411764705
4238,2,0.05555555555555555
4238,3,0.05555555555555555
4238,8,0.05555555555555555
4456,1,0.047619047619047616
4456,2,0.1
4456,3,0.1
4456,5,0.09523809523809523
4456,6,0.0
4456,7,0.05555555555555555
4456,8,0.05263157894736842
4556,1,0.0
4556,2,0.0
4556,3,0.0
4556,4,0.0
4556,5,0.0
4556,6,0.0
4556,7,0.0
4556,8,0.0
4556,9,0.0
4021,1,0.04
4021,5,0.0
4021,6,0.07692307692307693
4021,8,0.04
4021,2,0.0
4080,1,0.0
4080,2,0.0
4080,3,0.07692307692307693
4080,5,0.0
4080,6,0.0
4080,7,0.07142857142857142
4570,1,0.0
4570,2,0.05128205128205128
4570,4,0.0
4570,5,0.029411764705882353
4570,6,0.02857142857142857
4570,7,0.0
4752,1,0.0
4752,2,0.0
4752,3,0.1
4752,4,0.0
4752,5,0.0
4752,6,0.1
4752,7,0.0
4752,8,0.1
